"Block","Speaker","SpeakerGender","Sentence","NewSentenceID","Word","POS","POS_class","NSyll","NSyllRealized","Vowel","Freq","LogFreq","AccentPosition","AccentType","LastArgument","Focused","MeanPitch","MaxPitch","PitchRangeST","PitchSlopeST","RMS_amplitude","SyllableDur","VowelDur","p_score"
"1","12","M","1","A1","er","PRO","function",1,1,"long","121771",5.08554743900755,"no_accent","no_accent","not_last","no_focus_particle","128","130",NA,NA,"79","108","64","0"
"1","12","M","1","A1","steckt","VV","content",1,1,"short","1873",3.27276958655176,"prenuclear","high","not_last","no_focus_particle","162","173",4.2,19.6,"83","265","61","25"
"1","12","M","1","A1","sich","PRO","function",1,1,"short","83233",4.92030076614785,"no_accent","no_accent","not_last","no_focus_particle","150","151",NA,NA,"74","192","39","0"
"1","12","M","1","A1","die","ART","function",1,1,"long","326305",5.51362505951553,"no_accent","no_accent","not_last","no_focus_particle","163","167",NA,NA,"75","112","33","4"
"1","12","M","1","A1","banane","NN","content",3,3,"long","119",2.07918124604762,"nuclear_IP","falling","last","no_focus_particle","135","194",-9.7,-47.3,"78","284","201","93"
"1","12","M","1","A1","ein","PTK","function",1,1,"long","185794",5.26903402235069,"no_accent","no_accent","not_last","no_focus_particle",NA,NA,NA,NA,"70","295","119","4"
"1","6","F","2","B2","die","ART","function",1,1,"long","326305",5.51362505951553,"no_accent","no_accent","not_last","no_focus_particle","236","253",NA,NA,"80","106","59","0"
"1","6","F","2","B2","beste","ADJ","content",2,2,"short","2921",3.46568021159828,"prenuclear","high","not_last","no_focus_particle","264","281",3.9,35.4,"89","219","88","14"
"1","6","F","2","B2","klinik","NN","content",2,2,"long","640",2.80685802951882,"no_accent","no_accent","not_last","no_focus_particle","254","274",NA,NA,"84","181","68","0"
"1","6","F","2","B2","der","ART","function",1,1,"long","235950",5.37282182229588,"no_accent","no_accent","not_last","no_focus_particle","212","226",NA,NA,"80","135","72","0"
"1","6","F","2","B2","stadt","NN","content",1,1,"short","7630",3.88258145355445,"nuclear_IP","rising","not_last","no_focus_particle","327","357",9.3,42.5,"84","352","75","96"
"1","6","F","2","B2","hat","VA","content",1,1,"short","114762",5.05980189254029,"no_accent","no_accent","not_last","no_focus_particle","226","243",NA,NA,"78","116","57","0"
"1","6","F","2","B2","doktor","NN","content",2,2,"short","2846",3.45438746714695,"no_accent","no_accent","not_last","no_focus_particle","185","199",NA,NA,"76","150","56","4"
"1","6","F","2","B2","bahber","NE","content",2,2,"long","0",0,"no_accent","no_accent","last","no_focus_particle","174","186",NA,NA,"74","153","115","7"
"1","6","F","2","B2","so","ADV","content",1,1,"long","110711",5.04419469631987,"no_accent","no_accent","not_last","no_focus_particle","177","187",NA,NA,"68","143","75","0"
"1","6","F","2","B2","gut","ADJ","content",1,1,"long","54294",4.73475983746378,"no_accent","no_accent","not_last","no_focus_particle","176","191",NA,NA,"68","110","39","0"
"1","6","F","2","B2","ausgebildet","VV","content",4,4,"long","243",2.38738982633873,"no_accent","no_accent","not_last","no_focus_particle","178","201",NA,NA,"72","211","138","7"
"1","8","F","3","C3","der","ART","function",1,1,"long","235950",5.37282182229588,"no_accent","no_accent","not_last","no_focus_particle","180","184",NA,NA,"74","75","58","0"
"1","8","F","3","C3","mittelstand","NN","content",3,3,"short","10",1.04139268515823,"nuclear_ip","rising","not_last","no_focus_particle","252","305",8,42.3,"77","120","29","7"
"1","8","F","3","C3","solle","VM","content",2,2,"short","350",2.54530711646582,"no_accent","no_accent","not_last","no_focus_particle","211","246",NA,NA,"76","143","70","0"
"1","8","F","3","C3","sich","PRO","function",1,1,"short","83233",4.92030076614785,"no_accent","no_accent","not_last","no_focus_particle","183","189",NA,NA,"70","139","48","0"
"1","8","F","3","C3","entscheiden","VV","content",3,3,"long","1428",3.15503222879097,"nuclear_ip","rising","not_last","no_focus_particle","221","289",8.6,27.1,"75","324","185","61"
"1","8","F","3","C3","ob","KON","function",1,1,"short","13780",4.13928073271852,"no_accent","no_accent","not_last","no_focus_particle","202","209",NA,NA,"76","188","54","0"
"1","8","F","3","C3","er","PRO","function",1,1,"long","121771",5.08554743900755,"no_accent","no_accent","not_last","no_focus_particle","172","174",NA,NA,"72","102","59","0"
"1","8","F","3","C3","günstige","ADJ","content",3,3,"short","29",1.47712125471966,"prenuclear","rising","not_last","no_focus_particle","199","251",8.5,63.8,"78","310","58","11"
"1","8","F","3","C3","teilzeitkräfte","NN","content",4,4,"long","0",0,"nuclear_ip","rising","not_last","no_focus_particle","249","349",8.5,17.2,"77","292","94","75"
"1","8","F","3","C3","oder","KON","function",2,2,"long","45933",4.66213426606429,"prenuclear","rising","not_last","no_focus_particle","219","281",NA,NA,"74","127","84","25"
"1","8","F","3","C3","längere","ADJ","content",3,3,"short","79",1.90308998699194,"no_accent","no_accent","not_last","no_focus_particle","295","358",7.3,37.9,"75","187","72","32"
"1","8","F","3","C3","öffnungszeiten","NN","content",4,4,"short","0",0,"nuclear_IP","falling","last","no_focus_particle","178","358",-2.7,-18.6,"74","171","22","54"
"1","8","F","3","C3","wolle","VM","content",2,2,"short","281",2.45024910831936,"no_accent","no_accent","not_last","no_focus_particle","156","172",NA,NA,"68","216","107","0"
"1","13","F","4","D4","auf","PP","function",1,1,"long","131482",5.11886960466257,"no_accent","no_accent","not_last","no_focus_particle","186","193",NA,NA,"65","226","113","0"
"1","13","F","4","D4","meinem","PRO","function",2,2,"long","13140",4.1186284152966,"nuclear_ip","high","not_last","no_focus_particle","210","239",2,12.8,"67","297","181","100"
"1","13","F","4","D4","bild","NN","content",1,1,"short","2583",3.41229250932305,"no_accent","no_accent","not_last","no_focus_particle","222","238",NA,NA,"72","252","112","0"
"1","13","F","4","D4","hat","VA","content",1,1,"short","114762",5.05980189254029,"nuclear_IP","high","not_last","no_focus_particle","174","224",-1,-46.5,"64","246","52","7"
"1","13","F","4","D4","der","ART","function",1,1,"long","235950",5.37282182229588,"no_accent","no_accent","not_last","no_focus_particle","184","197",NA,NA,"64","87","65","0"
"1","13","F","4","D4","obdachlose","NN","content",4,4,"short","35",1.55630250076729,"no_accent","no_accent","not_last","no_focus_particle","121","207",NA,NA,"64","127","75","0"
"1","13","F","4","D4","das","ART","function",1,1,"short","326943",5.51447337170092,"no_accent","no_accent","not_last","no_focus_particle","193","202",NA,NA,"58","183","47","0"
"1","13","F","4","D4","bier","NN","content",1,1,"long","2081",3.31848072517452,"postnuclear","no_accent","last","no_focus_particle","191","234",-1.5,-14.9,"67","230","119","21"
"1","13","F","4","D4","getrunken","VV","content",3,3,"short","918",2.96331551138611,"no_accent","no_accent","not_last","no_focus_particle","119","182",NA,NA,"60","318","92","0"
"1","14","F","5","E5","und","KON","function",1,1,"short","255151",5.40679897688365,"no_accent","no_accent","not_last","no_focus_particle","367","392",-10,-49.8,"84","193","44","25"
"1","14","F","5","E5","auch","ADV","content",1,1,"long","69295",4.84070816638577,"prenuclear","falling","not_last","no_focus_particle","235","310",NA,NA,"81","259","118","21"
"1","14","F","5","E5","den","ART","function",1,1,"long","145530",5.16295551356197,"no_accent","no_accent","not_last","no_focus_particle","216","217",NA,NA,"83","189","65","4"
"1","14","F","5","E5","zivildienst","NN","content",3,3,"long","10",1.04139268515823,"nuclear_ip","falling","not_last","focus_particle","192","259",-2.9,-12.2,"81","256","136","39"
"1","14","F","5","E5","muss","VM","content",1,1,"short","41814",4.62133210112081,"nuclear_IP","high","not_last","no_focus_particle","264","284",1.5,18.8,"86","413","74","100"
"1","14","F","5","E5","keiner","PRO","function",2,2,"long","3696",3.56784945057311,"postnuclear","no_accent","last","no_focus_particle","181","197",-1.8,-11.8,"79","258","112","11"
"1","14","F","5","E5","mehr","ADV","content",1,1,"long","43481",4.63830951170192,"no_accent","no_accent","not_last","no_focus_particle","174","176",NA,NA,"79","130","85","4"
"1","14","F","5","E5","machen","VV","content",2,2,"short","35975",4.55601287455989,"postnuclear","no_accent","not_last","no_focus_particle","165","185",-0.7,-8,"81","153","69","7"
"1","1","F","6","F6","sie","PRO","function",1,1,"long","366870",5.56451338349827,"no_accent","no_accent","not_last","no_focus_particle","224","235",NA,NA,"70","115","48","0"
"1","1","F","6","F6","sind","VA","content",1,1,"short","109934",5.04113598074878,"no_accent","no_accent","not_last","no_focus_particle","225","256",NA,NA,"84","182","34","0"
"1","1","F","6","F6","schon","ADV","content",1,1,"short","65985",4.81945180269794,"no_accent","no_accent","not_last","no_focus_particle","209","231",NA,NA,"73","167","36","0"
"1","1","F","6","F6","sehr","ADV","content",1,1,"long","30737",4.48767560625998,"prenuclear","rising","not_last","no_focus_particle","210","233",5.7,24.1,"80","188","125","57"
"1","1","F","6","F6","gespannt","ADJ","content",2,2,"short","257",2.41161970596323,"nuclear_ip","falling","not_last","no_focus_particle","233","267",-4.8,-23.1,"79","322","70","54"
"1","1","F","6","F6","auf","PP","function",1,1,"short","131482",5.11886960466257,"no_accent","no_accent","not_last","no_focus_particle",NA,NA,NA,NA,"75","140","73","0"
"1","1","F","6","F6","die","ART","function",1,1,"long","326305",5.51362505951553,"no_accent","no_accent","not_last","no_focus_particle","174","186",NA,NA,"76","162","79","0"
"1","1","F","6","F6","ersten","ADV","content",2,1,"long","5076",3.70560716340461,"prenuclear","low","not_last","no_focus_particle","187","229",0,-0.6,"78","169","109","14"
"1","1","F","6","F6","untersuchungsergebnisse","NN","content",8,8,"short","14",1.17609125905568,"nuclear_IP","high","last","no_focus_particle","188","231",1.6,32.3,"70","124","51","11"
"1","2","F","7","G7","auch","ADV","content",1,1,"long","69295",4.84070816638577,"no_accent","no_accent","not_last","no_focus_particle","140","155",NA,NA,"79","175","67","21"
"1","2","F","7","G7","eine","ART","function",2,2,"long","118709",5.07448730498569,"no_accent","no_accent","not_last","no_focus_particle","211","236",NA,NA,"78","105","87","7"
"1","2","F","7","G7","bachblütenkur","NN","content",4,4,"short","0",0,"nuclear_IP","rising","not_last","focus_particle","209","268",3.2,43.5,"82","186","67","96"
"1","2","F","7","G7","kann","VM","content",1,1,"short","67376",4.82851166986192,"no_accent","no_accent","not_last","no_focus_particle","173","282",NA,NA,"73","205","39","0"
"1","2","F","7","G7","nur","ADV","content",1,1,"long","80748",4.90713715271,"postnuclear","no_accent","not_last","no_focus_particle","145","150",-0.9,-12.5,"73","122","55","7"
"1","2","F","7","G7","doktor","NN","content",2,2,"short","2846",3.45438746714695,"no_accent","no_accent","not_last","no_focus_particle","185","297",NA,NA,"71","142","55","0"
"1","2","F","7","G7","bahber","NE","content",2,2,"long","0",0,"postnuclear","no_accent","last","focus_particle","134","145",-1.4,-10.4,"72","169","123","4"
"1","2","F","7","G7","machen","VV","content",2,2,"short","35975",4.55601287455989,"no_accent","no_accent","not_last","no_focus_particle","135","157",NA,NA,"64","176","67","0"
"1","12","M","8","H8","sie","PRO","function",1,1,"long","366870",5.56451338349827,"no_accent","no_accent","not_last","no_focus_particle","127","128",NA,NA,"71","108","25","0"
"1","12","M","8","H8","werfen","VV","content",2,2,"long","1244",3.09516935143176,"prenuclear","low","not_last","no_focus_particle","135","140",-2.7,-34.5,"80","168","96","7"
"1","12","M","8","H8","die","ART","function",1,1,"long","326305",5.51362505951553,"no_accent","no_accent","not_last","no_focus_particle","131","134",NA,NA,"77","70","56","4"
"1","12","M","8","H8","rosine","NN","content",3,3,"long","7",0.903089986991944,"nuclear_IP","rising","last","no_focus_particle","181","245",3.9,61.7,"74","163","63","96"
"1","12","M","8","H8","weg","PTK","function",1,1,"short","16656",4.22159678574026,"no_accent","no_accent","not_last","no_focus_particle","111","135",NA,NA,"77","281","81","0"
"1","9","F","9","I9","tom","NE","content",1,1,"short","2567",3.40959501939682,"prenuclear","rising","not_last","no_focus_particle","323","440",9.4,62.4,"84","205","77","71"
"1","9","F","9","I9","und","KON","function",1,1,"short","255151",5.40679897688365,"no_accent","no_accent","not_last","no_focus_particle","351","437",NA,NA,"77","107","46","4"
"1","9","F","9","I9","isabel","NE","content",3,3,"short","330",2.51982799377572,"nuclear_ip","low","not_last","no_focus_particle","227","328",-0.4,-8.1,"82","284","129","54"
"1","9","F","9","I9","möchten","VM","content",2,2,"short","1552",3.19117145572856,"no_accent","no_accent","not_last","no_focus_particle","264","324",NA,NA,"79","220","73","0"
"1","9","F","9","I9","an","PP","function",1,1,"short","98024",4.99133685097224,"no_accent","no_accent","not_last","no_focus_particle","212","228",NA,NA,"76","123","67","0"
"1","9","F","9","I9","dem","ART","function",1,1,"long","74981",4.87495702020636,"no_accent","no_accent","not_last","no_focus_particle","192","204",NA,NA,"72","120","37","0"
"1","9","F","9","I9","stand","NN","content",1,1,"short","410",2.61384182187607,"prenuclear","rising","not_last","no_focus_particle","244","303",6.6,54.4,"80","350","76","21"
"1","9","F","9","I9","des","ART","function",1,1,"short","28286",4.4515868904569,"no_accent","no_accent","not_last","no_focus_particle","249","280",NA,NA,"73","135","28","0"
"1","9","F","9","I9","frauenvereins","NN","content",4,3,"long","3",0.602059991327962,"nuclear_ip","low","not_last","no_focus_particle","234","296",0.6,8.3,"81","367","155","25"
"1","9","F","9","I9","ein","ART","function",1,1,"long","185794",5.26903402235069,"no_accent","no_accent","not_last","no_focus_particle","341","349",NA,NA,"76","139","104","0"
"1","9","F","9","I9","bild","NN","content",1,1,"short","2583",3.41229250932305,"nuclear_IP","falling","last","no_focus_particle","266","398",-4.8,-31.1,"79","254","88","61"
"1","9","F","9","I9","kaufen","VV","content",2,2,"long","2728",3.4360035356699,"no_accent","no_accent","not_last","no_focus_particle","189","206",NA,NA,"73","243","132","4"
"1","8","F","10","J10","der","ART","function",1,1,"long","235950",5.37282182229588,"no_accent","no_accent","not_last","no_focus_particle","233","259",NA,NA,"77","143","85","4"
"1","8","F","10","J10","oberarzt","NN","content",3,3,"long","48",1.69019608002851,"nuclear_ip","rising","not_last","no_focus_particle","281","357",3.6,35.4,"82","71","46","71"
"1","8","F","10","J10","und","KON","function",1,1,"short","255151",5.40679897688365,"no_accent","no_accent","not_last","no_focus_particle","238","392",NA,NA,"73","125","46","0"
"1","8","F","10","J10","seine","PRO","function",2,2,"long","16602",4.22018656790328,"no_accent","no_accent","not_last","no_focus_particle","194","214",NA,NA,"77","122","76","0"
"1","8","F","10","J10","kollegen","NN","content",3,3,"long","655",2.81690383937566,"nuclear_ip","rising","not_last","no_focus_particle","229","292",6.9,31.5,"77","187","116","21"
"1","8","F","10","J10","möchten","VM","content",2,2,"short","1552",3.19117145572856,"no_accent","no_accent","not_last","no_focus_particle","198","223",NA,NA,"76","121","62","0"
"1","8","F","10","J10","doktor","NN","content",2,2,"short","2846",3.45438746714695,"no_accent","no_accent","not_last","no_focus_particle","194","218",NA,NA,"76","115","50","4"
"1","8","F","10","J10","bieber","NE","content",2,2,"long","6",0.845098040014257,"nuclear_ip","rising","not_last","no_focus_particle","218","253",5.9,39.4,"73","189","86","46"
"1","8","F","10","J10","gerne","ADV","content",2,2,"long","5239",3.71933128698373,"prenuclear","rising","not_last","no_focus_particle","259","290",3.6,21.7,"83","200","102","36"
"1","8","F","10","J10","als","PTK","function",1,1,"short","59151",4.77196943322903,"no_accent","no_accent","not_last","no_focus_particle","256","270",NA,NA,"80","198","63","0"
"1","8","F","10","J10","neuen","ADJ","content",2,1,"long","4056",3.60820500770433,"no_accent","no_accent","not_last","no_focus_particle","209","232",NA,NA,"76","262","137","4"
"1","8","F","10","J10","arzt","NN","content",1,1,"short","2915",3.46478751964594,"nuclear_ip","low","not_last","no_focus_particle","165","216",1.7,37.4,"77","369","174","14"
"1","8","F","10","J10","in","PP","function",1,1,"short","182149",5.26042917557793,"no_accent","no_accent","not_last","no_focus_particle","222","229",NA,NA,"68","89","44","0"
"1","8","F","10","J10","ihrem","PRO","function",2,2,"long","4027",3.60508946188158,"no_accent","no_accent","not_last","no_focus_particle","243","264",NA,NA,"73","87","85","0"
"1","8","F","10","J10","krankenhaus","NN","content",3,3,"short","2929",3.46686762035411,"nuclear_IP","falling","last","no_focus_particle","188","252",-4.6,-23.5,"78","183","74","18"
"1","8","F","10","J10","einstellen","VV","content",3,3,"long","449",2.65321251377534,"no_accent","no_accent","not_last","no_focus_particle","155","210",NA,NA,"72","224","142","0"
"1","11","M","11","K11","schon","ADV","content",1,1,"long","65985",4.81945180269794,"no_accent","no_accent","not_last","no_focus_particle","135","152",NA,NA,"77","226","37","4"
"1","11","M","11","K11","seit","ADV","content",1,1,"long","8574",3.93323412871481,"no_accent","no_accent","not_last","no_focus_particle","116","121",NA,NA,"80","171","67","11"
"1","11","M","11","K11","wochen","NN","content",2,2,"short","3189",3.50379068305718,"nuclear_IP","rising","not_last","no_focus_particle","127","161",4.2,42.7,"82","111","65","96"
"1","11","M","11","K11","freuen","VV","content",2,1,"long","870",2.94001815500766,"no_accent","no_accent","not_last","no_focus_particle","98","102",NA,NA,"76","305","122","0"
"1","11","M","11","K11","sie","PRO","function",1,1,"long","366870",5.56451338349827,"no_accent","no_accent","not_last","no_focus_particle","96","100",NA,NA,"69","110","0","0"
"1","11","M","11","K11","sich","PRO","function",1,1,"short","83233",4.92030076614785,"no_accent","no_accent","not_last","no_focus_particle","97","102",NA,NA,"71","202","46","0"
"1","11","M","11","K11","auf","PP","function",1,1,"long","131482",5.11886960466257,"no_accent","no_accent","not_last","no_focus_particle",NA,NA,NA,NA,"68","124","62","0"
"1","11","M","11","K11","dieses","ART","function",2,2,"long","12894",4.11042134647396,"no_accent","no_accent","not_last","no_focus_particle","100","115",NA,NA,"72","152","57","0"
"1","11","M","11","K11","thema","NN","content",2,2,"long","1064",3.02734960777476,"postnuclear","no_accent","last","no_focus_particle","100","124",-3.1,-40.8,"75","215","76","11"
"1","6","F","12","L12","ich","PRO","function",1,1,"short","489637",5.68987511532603,"no_accent","no_accent","not_last","no_focus_particle","228","232",NA,NA,"73","103","22","11"
"1","6","F","12","L12","kann","VM","content",1,1,"short","67376",4.82851166986192,"prenuclear","high","not_last","no_focus_particle","353","364",8,41.9,"81","183","58","7"
"1","6","F","12","L12","gar","ADV","content",1,1,"long","12016",4.07979606117236,"no_accent","no_accent","not_last","no_focus_particle","310","331",NA,NA,"81","85","51","7"
"1","6","F","12","L12","nicht","PTK","function",1,1,"short","422376",5.62570026121837,"no_accent","no_accent","not_last","no_focus_particle","280","291",NA,NA,"83","150","36","14"
"1","6","F","12","L12","glauben","VV","content",2,2,"long","7551",3.87806198129001,"nuclear_IP","rising","not_last","no_focus_particle","350","469",8,57.5,"82","231","131","93"
"1","6","F","12","L12","dass","KON","function",1,1,"short","123254",5.0908045460293,"no_accent","no_accent","not_last","no_focus_particle","241","246",NA,NA,"82","129","47","0"
"1","6","F","12","L12","sogar","ADV","content",2,2,"long","5079",3.70586371228392,"no_accent","no_accent","not_last","no_focus_particle","220","249",NA,NA,"81","148","75","4"
"1","6","F","12","L12","doktor","NN","content",2,2,"short","2846",3.45438746714695,"no_accent","no_accent","not_last","no_focus_particle","198","210",NA,NA,"78","128","49","0"
"1","6","F","12","L12","buhber","NE","content",2,2,"long","0",0,"postnuclear","no_accent","not_last","focus_particle","189","218",1.2,36.9,"77","170","92","21"
"1","6","F","12","L12","so","ADV","content",1,1,"long","110711",5.04419469631987,"no_accent","no_accent","not_last","no_focus_particle","180","182",NA,NA,"74","170","94","0"
"1","6","F","12","L12","eins","PRO","function",1,1,"long","4665",3.66894473445773,"no_accent","no_accent","last","no_focus_particle","176","180",NA,NA,"76","225","95","0"
"1","6","F","12","L12","hat","VV","content",1,1,"short","114762",5.05980189254029,"no_accent","no_accent","not_last","no_focus_particle","177","186",NA,NA,"69","294","79","0"
"1","8","F","13","M13","herr","NN","content",1,1,"short","9504",3.97795212120146,"no_accent","no_accent","not_last","no_focus_particle","201","222",NA,NA,"76","101","42","0"
"1","8","F","13","M13","müller","NE","content",2,2,"short","58",1.77085201164214,"prenuclear","rising","not_last","no_focus_particle","229","264",4.3,21.6,"82","178","65","36"
"1","8","F","13","M13","ist","VA","content",1,1,"short","475043",5.67673383714531,"no_accent","no_accent","not_last","no_focus_particle","256","262",NA,NA,"80","140","42","4"
"1","8","F","13","M13","der","ART","function",1,1,"long","235950",5.37282182229588,"no_accent","no_accent","not_last","no_focus_particle","243","273",NA,NA,"78","68","41","0"
"1","8","F","13","M13","beliebteste","ADJ","content",4,4,"long","44",1.65321251377534,"prenuclear","rising","not_last","no_focus_particle","244","313",4.5,40.9,"77","211","69","21"
"1","8","F","13","M13","lehrer","NN","content",2,2,"long","1338",3.12678057701201,"nuclear_IP","high","not_last","no_focus_particle","231","268",-0.7,-5.9,"85","201","131","71"
"1","8","F","13","M13","an","PP","function",1,1,"short","98024",4.99133685097224,"no_accent","no_accent","not_last","no_focus_particle","150","263",NA,NA,"75","98","36","0"
"1","8","F","13","M13","seiner","PRO","function",2,2,"long","5959",3.77524625974024,"no_accent","no_accent","not_last","no_focus_particle","126","296",NA,NA,"78","124","67","0"
"1","8","F","13","M13","schule","NN","content",2,2,"long","4952",3.69486832798246,"no_accent","no_accent","last","no_focus_particle","188","222",NA,NA,"68","206","71","4"
"1","2","F","14","N14","matthias","NE","content",3,3,"long","30",1.49136169383427,"nuclear_IP","rising","not_last","no_focus_particle","224","289",8.7,41.2,"81","373","78","100"
"1","2","F","14","N14","hat","VA","content",1,1,"short","114762",5.05980189254029,"no_accent","no_accent","not_last","no_focus_particle","155","248",NA,NA,"73","135","49","0"
"1","2","F","14","N14","mit","PP","function",1,1,"short","152783",5.18407787599659,"no_accent","no_accent","not_last","no_focus_particle","145","155",NA,NA,"70","151","46","0"
"1","2","F","14","N14","doktor","NN","content",2,2,"short","2846",3.45438746714695,"no_accent","no_accent","not_last","no_focus_particle","162","215",NA,NA,"71","151","54","0"
"1","2","F","14","N14","bahber","NE","content",2,2,"long","0",0,"no_accent","no_accent","last","no_focus_particle","139","157",NA,NA,"70","154","116","4"
"1","2","F","14","N14","geredet","VV","content",3,3,"long","1535",3.18639121569549,"no_accent","no_accent","not_last","no_focus_particle","143","289",NA,NA,"68","169","115","4"
"1","4","F","15","J10","der","ART","function",1,1,"long","235950",5.37282182229588,"no_accent","no_accent","not_last","no_focus_particle","176","192",NA,NA,"79","118","68","0"
"1","4","F","15","J10","oberarzt","NN","content",3,3,"long","48",1.69019608002851,"nuclear_ip","rising","not_last","no_focus_particle","255","320",7.7,25,"85","113","101","71"
"1","4","F","15","J10","und","KON","function",1,1,"short","255151",5.40679897688365,"no_accent","no_accent","not_last","no_focus_particle","251","277",NA,NA,"77","83","40","0"
"1","4","F","15","J10","seine","PRO","function",2,2,"long","16602",4.22018656790328,"no_accent","no_accent","not_last","no_focus_particle","224","239",NA,NA,"81","141","100","0"
"1","4","F","15","J10","kollegen","NN","content",3,3,"long","655",2.81690383937566,"nuclear_ip","rising","not_last","no_focus_particle","222","260",5.1,42,"80","219","123","54"
"1","4","F","15","J10","möchten","VM","content",2,2,"short","1552",3.19117145572856,"no_accent","no_accent","not_last","no_focus_particle","228","247",NA,NA,"78","163","87","0"
"1","4","F","15","J10","doktor","NN","content",2,2,"short","2846",3.45438746714695,"no_accent","no_accent","not_last","no_focus_particle","203","219",NA,NA,"77","129","48","4"
"1","4","F","15","J10","bieber","NE","content",2,2,"long","6",0.845098040014257,"nuclear_ip","rising","not_last","no_focus_particle","212","262",7.2,34.3,"78","177","84","46"
"1","4","F","15","J10","gerne","ADV","content",2,2,"long","5239",3.71933128698373,"prenuclear","rising","not_last","no_focus_particle","201","231",4.4,39.2,"78","196","129","11"
"1","4","F","15","J10","als","PTK","function",1,1,"short","59151",4.77196943322903,"no_accent","no_accent","not_last","no_focus_particle","186","212",NA,NA,"75","207","51","0"
"1","4","F","15","J10","neuen","ADJ","content",2,1,"long","4056",3.60820500770433,"prenuclear","rising","not_last","no_focus_particle","207","242",5.2,46.7,"77","259","130","18"
"1","4","F","15","J10","arzt","NN","content",1,1,"short","2915",3.46478751964594,"nuclear_ip","high","not_last","no_focus_particle","202","225",1.6,35.3,"78","331","143","18"
"1","4","F","15","J10","in","PP","function",1,1,"short","182149",5.26042917557793,"no_accent","no_accent","not_last","no_focus_particle","222","226",NA,NA,"74","76","0","0"
"1","4","F","15","J10","ihrem","PRO","function",2,2,"long","4027",3.60508946188158,"no_accent","no_accent","not_last","no_focus_particle","215","227",NA,NA,"73","69","52","4"
"1","4","F","15","J10","krankenhaus","NN","content",3,3,"short","2929",3.46686762035411,"prenuclear","low","last","no_focus_particle","199","223",0.6,19.8,"76","203","73","14"
"1","4","F","15","J10","einstellen","VV","content",3,3,"long","449",2.65321251377534,"nuclear_IP","falling","not_last","no_focus_particle","182","208",-2,-12,"77","195","121","29"
"1","7","F","16","K11","schon","ADV","content",1,1,"long","65985",4.81945180269794,"no_accent","no_accent","not_last","no_focus_particle","217","245",NA,NA,"84","163","33","7"
"1","7","F","16","K11","seit","ADV","content",1,1,"long","8574",3.93323412871481,"no_accent","no_accent","not_last","no_focus_particle","196","206",NA,NA,"84","179","76","11"
"1","7","F","16","K11","wochen","NN","content",2,2,"short","3189",3.50379068305718,"prenuclear","rising","not_last","no_focus_particle","216","256",4,51.3,"86","102","39","93"
"1","7","F","16","K11","freuen","VV","content",2,1,"long","870",2.94001815500766,"prenuclear","low","not_last","no_focus_particle","180","184",0.4,7.1,"83","270","90","0"
"1","7","F","16","K11","sie","PRO","function",1,1,"long","366870",5.56451338349827,"no_accent","no_accent","not_last","no_focus_particle","172","174",NA,NA,"76","87","0","0"
"1","7","F","16","K11","sich","PRO","function",1,1,"short","83233",4.92030076614785,"no_accent","no_accent","not_last","no_focus_particle","179","194",NA,NA,"80","171","53","0"
"1","7","F","16","K11","auf","PP","function",1,1,"long","131482",5.11886960466257,"no_accent","no_accent","not_last","no_focus_particle","176","177",NA,NA,"77","118","51","0"
"1","7","F","16","K11","dieses","ART","function",2,2,"long","12894",4.11042134647396,"no_accent","no_accent","not_last","no_focus_particle","190","209",NA,NA,"80","140","77","11"
"1","7","F","16","K11","thema","NN","content",2,2,"long","1064",3.02734960777476,"nuclear_IP","falling","last","no_focus_particle","173","205",-4.1,-32.5,"82","192","70","18"
"1","5","M","17","Q17","sie","PRO","function",1,1,"long","366870",5.56451338349827,"no_accent","no_accent","not_last","no_focus_particle","118","120",NA,NA,"75","121","44","4"
"1","5","M","17","Q17","liest","VV","content",1,1,"long","686",2.83695673705955,"prenuclear","rising","not_last","no_focus_particle","148","175",6.8,58.3,"81","230","77","57"
"1","5","M","17","Q17","sich","PRO","function",1,1,"short","83233",4.92030076614785,"no_accent","no_accent","not_last","no_focus_particle","181","182",NA,NA,"78","157","22","4"
"1","5","M","17","Q17","die","ART","function",1,1,"long","326305",5.51362505951553,"no_accent","no_accent","not_last","no_focus_particle","138","143",NA,NA,"78","92","45","0"
"1","5","M","17","Q17","ballade","NN","content",3,3,"long","41",1.6232492903979,"prenuclear","low","last","no_focus_particle","116","135",-4.2,-26.3,"83","156","116","36"
"1","5","M","17","Q17","durch","PTK","function",1,1,"long","15113",4.17937941788176,"nuclear_IP","falling","not_last","no_focus_particle","104","129",-5.4,-23.4,"77","441","169","36"
"1","10","F","18","R18","von","PP","function",1,1,"short","109563",5.0396678792429,"no_accent","no_accent","not_last","no_focus_particle","271","299",NA,NA,"83","177","41","0"
"1","10","F","18","R18","einem","ART","function",2,2,"long","33790",4.52880104433647,"no_accent","no_accent","not_last","no_focus_particle","273","282",NA,NA,"85","140","136","4"
"1","10","F","18","R18","bekannten","NN","content",3,3,"short","95",1.98227123303957,"nuclear_ip","rising","not_last","no_focus_particle","311","464",4.9,40,"84","317","55","75"
"1","10","F","18","R18","haben","VA","content",2,2,"long","106711",5.02821325954394,"no_accent","no_accent","not_last","no_focus_particle","279","321",NA,NA,"84","208","98","4"
"1","10","F","18","R18","sie","PRO","function",1,1,"long","366870",5.56451338349827,"no_accent","no_accent","not_last","no_focus_particle","244","268",NA,NA,"74","129","37","4"
"1","10","F","18","R18","eine","ART","function",2,2,"long","118709",5.07448730498569,"no_accent","no_accent","not_last","no_focus_particle","229","233",NA,NA,"79","111","105","0"
"1","10","F","18","R18","gute","ADJ","content",2,2,"long","6958",3.84254683649502,"prenuclear","rising","not_last","no_focus_particle","300","381",7.5,48,"79","191","80","75"
"1","10","F","18","R18","empfehlung","NN","content",3,3,"long","124",2.09691001300806,"nuclear_IP","low","last","no_focus_particle","227","319",-1.7,-33.1,"78","208","92","11"
"1","10","F","18","R18","bekommen","VV","content",3,2,"short","7231",3.85925841746731,"no_accent","no_accent","not_last","no_focus_particle","139","216",NA,NA,"75","356","103","0"
"1","11","M","19","S19","freundlich","ADJ","content",2,2,"long","762",2.88252453795488,"nuclear_IP","high","not_last","no_focus_particle","134","151",-1.4,-11.9,"82","444","174","100"
"1","11","M","19","S19","sieht","VV","content",1,1,"long","10322",4.01380592734059,"no_accent","no_accent","not_last","no_focus_particle","103","104",NA,NA,"71","236","50","0"
"1","11","M","19","S19","die","ART","function",1,1,"long","326305",5.51362505951553,"no_accent","no_accent","not_last","no_focus_particle","106","106",NA,NA,"68","75","66","0"
"1","11","M","19","S19","janina","NE","content",3,3,"long","5",0.778151250383644,"no_accent","no_accent","last","no_focus_particle","96","109",NA,NA,"72","143","81","4"
"1","11","M","19","S19","aus","PTK","function",1,1,"long","67378",4.82852456114637,"no_accent","no_accent","not_last","no_focus_particle","91","105",NA,NA,"71","285","152","0"
"1","3","F","20","T20","vorhin","ADV","content",2,2,"short","1090",3.03782475058834,"prenuclear","rising","not_last","no_focus_particle","247","284",4.9,31.2,"78","222","65","43"
"1","3","F","20","T20","war","VA","content",1,1,"long","106863",5.02883142612066,"no_accent","no_accent","not_last","no_focus_particle","299","317",NA,NA,"81","169","133","0"
"1","3","F","20","T20","er","PRO","function",1,1,"long","121771",5.08554743900755,"no_accent","no_accent","not_last","no_focus_particle","281","295",NA,NA,"79","49","49","0"
"1","3","F","20","T20","dafür","PRO","function",2,2,"long","9543",3.97973043066229,"no_accent","no_accent","not_last","no_focus_particle","246","290",NA,NA,"85","139","92","0"
"1","3","F","20","T20","extra","ADV","content",2,2,"short","747",2.87390159786446,"prenuclear","rising","not_last","no_focus_particle","287","321",4.1,20.8,"80","192","57","64"
"1","3","F","20","T20","noch","ADV","content",1,1,"short","86716",4.93810424490946,"no_accent","no_accent","not_last","no_focus_particle","294","307",NA,NA,"77","193","61","0"
"1","3","F","20","T20","auf","PP","function",1,1,"long","131482",5.11886960466257,"no_accent","no_accent","not_last","no_focus_particle","246","284",NA,NA,"84","143","85","0"
"1","3","F","20","T20","dem","ART","function",1,1,"long","74981",4.87495702020636,"no_accent","no_accent","not_last","no_focus_particle","261","301",NA,NA,"77","189","39","0"
"1","3","F","20","T20","markt","NN","content",1,1,"long","434",2.63848925695464,"nuclear_ip","falling","not_last","no_focus_particle","224","354",-7.5,-34.1,"82","292","128","82"
"1","3","F","20","T20","beim","PP","function",1,1,"long","7623",3.88218288763027,"no_accent","no_accent","not_last","no_focus_particle","268","274",NA,NA,"78","224","55","0"
"1","3","F","20","T20","obsthändler","NN","content",3,3,"long","0",0,"nuclear_IP","falling","last","no_focus_particle","209","234",-2.6,-17.3,"77","244","69","7"
"2","2","F","1","U21","jetzt","ADV","content",1,1,"short","52473",4.71994417095868,"prenuclear","low","not_last","no_focus_particle","168","229",-0.6,-13.7,"79","213","49","39"
"2","2","F","1","U21","hat","VA","content",1,1,"short","114762",5.05980189254029,"no_accent","no_accent","not_last","no_focus_particle","181","197",NA,NA,"78","140","54","4"
"2","2","F","1","U21","sogar","ADV","content",2,2,"long","5079",3.70586371228392,"no_accent","no_accent","not_last","no_focus_particle","228","236",NA,NA,"79","172","96","18"
"2","2","F","1","U21","doktor","NN","content",2,2,"short","2846",3.45438746714695,"no_accent","no_accent","not_last","no_focus_particle","241","273",NA,NA,"76","131","42","7"
"2","2","F","1","U21","bahber","NE","content",2,2,"long","0",0,"nuclear_IP","falling","not_last","focus_particle","174","211",-5.5,-31.6,"80","171","117","68"
"2","2","F","1","U21","so","ADV","content",1,1,"long","110711",5.04419469631987,"no_accent","no_accent","not_last","no_focus_particle","167","226",NA,NA,"69","133","50","0"
"2","2","F","1","U21","eins","PRO","function",1,1,"long","4665",3.66894473445773,"no_accent","no_accent","last","no_focus_particle","134","155",NA,NA,"71","388","167","4"
"2","3","F","2","H8","sie","PRO","function",1,1,"long","366870",5.56451338349827,"no_accent","no_accent","not_last","no_focus_particle","288","292",NA,NA,"85","158","63","7"
"2","3","F","2","H8","werfen","VV","content",2,2,"long","1244",3.09516935143176,"prenuclear","falling","not_last","no_focus_particle","264","284",-2.4,-18.7,"89","182","131","57"
"2","3","F","2","H8","die","ART","function",1,1,"long","326305",5.51362505951553,"no_accent","no_accent","not_last","no_focus_particle","264","268",NA,NA,"82","99","88","0"
"2","3","F","2","H8","rosine","NN","content",3,3,"long","7",0.903089986991944,"no_accent","no_accent","last","no_focus_particle","237","278",NA,NA,"79","116","53","0"
"2","3","F","2","H8","weg","PTK","function",1,1,"short","16656",4.22159678574026,"nuclear_IP","low","not_last","no_focus_particle","188","219",-1.5,-36.4,"82","374","107","64"
"2","12","M","3","W23","es","PRO","function",1,1,"short","261560",5.41757298908854,"no_accent","no_accent","not_last","no_focus_particle",NA,NA,NA,NA,"75","100","0","0"
"2","12","M","3","W23","wird","VA","content",1,1,"long","62904",4.79868516668704,"no_accent","no_accent","not_last","no_focus_particle","135","143",NA,NA,"76","114","31","0"
"2","12","M","3","W23","sehr","ADV","content",1,1,"long","30737",4.48767560625998,"no_accent","no_accent","not_last","no_focus_particle","162","163",NA,NA,"82","127","53","4"
"2","12","M","3","W23","schwer","ADJ","content",1,1,"long","4967",3.69618158716852,"nuclear_ip","rising","not_last","no_focus_particle","194","222",5.2,23.5,"86","325","144","100"
"2","12","M","3","W23","sie","PRO","function",1,1,"long","366870",5.56451338349827,"no_accent","no_accent","not_last","no_focus_particle","126","143",NA,NA,"70","139","33","0"
"2","12","M","3","W23","von","PP","function",1,1,"short","109563",5.0396678792429,"no_accent","no_accent","not_last","no_focus_particle","112","124",NA,NA,"71","173","18","0"
"2","12","M","3","W23","einem","ART","function",2,2,"long","33790",4.52880104433647,"no_accent","no_accent","not_last","no_focus_particle","114","119",NA,NA,"75","184","96","0"
"2","12","M","3","W23","günstigeren","ADJ","content",4,4,"short","4",0.698970004336019,"nuclear_IP","high","not_last","no_focus_particle","121","147",4.4,31.8,"77","213","51","50"
"2","12","M","3","W23","preis","NN","content",1,1,"long","1691",3.228400358703,"postnuclear","no_accent","last","no_focus_particle","99","106",-2.3,-28.4,"74","340","93","0"
"2","12","M","3","W23","zu","PTK","function",1,1,"long","229130",5.36008385050829,"no_accent","no_accent","not_last","no_focus_particle",NA,NA,NA,NA,"66","39","0","0"
"2","12","M","3","W23","überzeugen","VV","content",4,4,"long","666",2.82412583391655,"no_accent","no_accent","not_last","no_focus_particle","115","121",NA,NA,"80","308","140","0"
"2","10","F","4","X24","lecker","ADJ","content",2,2,"short","429",2.63346845557959,"nuclear_IP","high","not_last","no_focus_particle","275","318",2.3,44.5,"81","137","56","100"
"2","10","F","4","X24","sieht","VV","content",1,1,"long","10322",4.01380592734059,"no_accent","no_accent","not_last","no_focus_particle","216","225",NA,NA,"68","162","26","0"
"2","10","F","4","X24","die","ART","function",1,1,"long","326305",5.51362505951553,"no_accent","no_accent","not_last","no_focus_particle","230","240",NA,NA,"75","72","45","0"
"2","10","F","4","X24","banane","NN","content",3,3,"long","119",2.07918124604762,"postnuclear","no_accent","last","no_focus_particle","201","220",0,0.3,"75","180","134","4"
"2","10","F","4","X24","aus","PTK","function",1,1,"long","67378",4.82852456114637,"no_accent","no_accent","not_last","no_focus_particle","102","110",NA,NA,"76","302","136","0"
"2","7","F","5","Y25","sie","PRO","function",1,1,"long","366870",5.56451338349827,"no_accent","no_accent","not_last","no_focus_particle","244","248",NA,NA,"77","115","20","7"
"2","7","F","5","Y25","laden","VV","content",2,2,"long","272",2.43616264704076,"prenuclear","falling","not_last","no_focus_particle","208","244",-3.6,-28,"83","204","138","54"
"2","7","F","5","Y25","doktor","NN","content",2,2,"short","2846",3.45438746714695,"no_accent","no_accent","not_last","no_focus_particle","197","229",NA,NA,"80","132","56","4"
"2","7","F","5","Y25","bieber","NE","content",2,2,"long","6",0.845098040014257,"prenuclear","falling","last","no_focus_particle","188","212",-4.5,-29.8,"82","190","115","32"
"2","7","F","5","Y25","ein","PTK","function",1,1,"long","185794",5.26903402235069,"nuclear_IP","falling","not_last","no_focus_particle","143","176",-4.9,-21.6,"78","281","160","25"
"2","1","F","6","Z26","carla","NE","content",2,2,"long","381",2.58206336291171,"prenuclear","rising","not_last","no_focus_particle","266","321",6.7,36.8,"83","172","105","54"
"2","1","F","6","Z26","muss","VM","content",1,1,"short","41814",4.62133210112081,"no_accent","no_accent","not_last","no_focus_particle","284","313",NA,NA,"79","202","54","14"
"2","1","F","6","Z26","für","PP","function",1,1,"long","106195",5.02610815882978,"no_accent","no_accent","not_last","no_focus_particle","281","353",NA,NA,"73","90","0","4"
"2","1","F","6","Z26","den","ART","function",1,1,"long","145530",5.16295551356197,"no_accent","no_accent","not_last","no_focus_particle","186","196",NA,NA,"76","112","51","4"
"2","1","F","6","Z26","deutsch-unterricht","NN","content",4,4,"long","1",0.301029995663981,"nuclear_ip","rising","not_last","no_focus_particle","210","265",6.7,15.7,"77","251","95","29"
"2","1","F","6","Z26","als","PTK","function",1,1,"short","59151",4.77196943322903,"no_accent","no_accent","not_last","no_focus_particle","183","185",NA,NA,"74","181","73","4"
"2","1","F","6","Z26","hausaufgabe","NN","content",4,4,"long","28",1.46239799789896,"prenuclear","low","not_last","no_focus_particle","195","217",0.8,13.1,"74","150","81","18"
"2","1","F","6","Z26","eine","ART","function",2,2,"long","118709",5.07448730498569,"no_accent","no_accent","not_last","no_focus_particle","211","227",NA,NA,"77","68","59","4"
"2","1","F","6","Z26","ballade","NN","content",3,3,"long","41",1.6232492903979,"nuclear_IP","falling","last","no_focus_particle","217","241",-2.3,-19.2,"80","156","118","79"
"2","1","F","6","Z26","auswendig","PTK","function",3,3,"long","180",2.25767857486918,"no_accent","no_accent","not_last","no_focus_particle","172","186",NA,NA,"75","143","95","0"
"2","1","F","6","Z26","lernen","VV","content",2,2,"long","3727",3.57147590368194,"no_accent","no_accent","not_last","no_focus_particle","168","177",NA,NA,"74","339","139","0"
"2","5","M","7","F6","sie","PRO","function",1,1,"long","366870",5.56451338349827,"no_accent","no_accent","not_last","no_focus_particle","111","115",NA,NA,"74","76","0","0"
"2","5","M","7","F6","sind","VA","content",1,1,"short","109934",5.04113598074878,"prenuclear","high","not_last","no_focus_particle","132","139",4.2,22.1,"82","196","55","0"
"2","5","M","7","F6","schon","ADV","content",1,1,"long","65985",4.81945180269794,"no_accent","no_accent","not_last","no_focus_particle","108","126",NA,NA,"80","272","61","7"
"2","5","M","7","F6","sehr","ADV","content",1,1,"long","30737",4.48767560625998,"prenuclear","rising","not_last","no_focus_particle","135","171",9.3,45.5,"86","234","152","100"
"2","5","M","7","F6","gespannt","ADJ","content",2,2,"short","257",2.41161970596323,"nuclear_ip","falling","not_last","no_focus_particle","150","169",-4,-17.2,"86","415","91","32"
"2","5","M","7","F6","auf","PP","function",1,1,"long","131482",5.11886960466257,"no_accent","no_accent","not_last","no_focus_particle","106","110",NA,NA,"76","144","75","0"
"2","5","M","7","F6","die","ART","function",1,1,"long","326305",5.51362505951553,"no_accent","no_accent","not_last","no_focus_particle","106","109",NA,NA,"74","96","52","0"
"2","5","M","7","F6","ersten","ADV","content",2,2,"long","5076",3.70560716340461,"prenuclear","rising","not_last","no_focus_particle","155","172",5.5,26.8,"82","188","152","29"
"2","5","M","7","F6","untersuchungsergebnisse","NN","content",8,8,"short","14",1.17609125905568,"nuclear_IP","falling","last","no_focus_particle","126","192",-10.9,-34.3,"74","140","85","14"
"2","6","F","8","B28","matthias","NE","content",3,3,"long","30",1.49136169383427,"nuclear_IP","rising","not_last","no_focus_particle","294","414",10.7,50.9,"82","396","79","100"
"2","6","F","8","B28","hat","VA","content",1,1,"short","114762",5.05980189254029,"no_accent","no_accent","not_last","no_focus_particle","209","224",NA,NA,"78","149","40","0"
"2","6","F","8","B28","mit","PP","function",1,1,"short","152783",5.18407787599659,"no_accent","no_accent","not_last","no_focus_particle","193","215",NA,NA,"75","110","20","0"
"2","6","F","8","B28","doktor","NN","content",2,2,"short","2846",3.45438746714695,"no_accent","no_accent","not_last","no_focus_particle","185","205",NA,NA,"76","149","49","0"
"2","6","F","8","B28","buhber","NE","content",2,2,"long","0",0,"no_accent","no_accent","last","no_focus_particle","176","186",NA,NA,"72","111","62","0"
"2","6","F","8","B28","geredet","VV","content",3,3,"long","1535",3.18639121569549,"no_accent","no_accent","not_last","no_focus_particle","174","193",NA,NA,"70","172","120","4"
"2","3","F","9","I9","tom","NE","content",1,1,"short","2567",3.40959501939682,"prenuclear","high","not_last","no_focus_particle","310","380",0.8,10.3,"83","140","58","54"
"2","3","F","9","I9","und","KON","function",1,1,"short","255151",5.40679897688365,"no_accent","no_accent","not_last","no_focus_particle","307","332",NA,NA,"84","123","57","4"
"2","3","F","9","I9","isabel","NE","content",3,3,"short","330",2.51982799377572,"nuclear_ip","low","not_last","no_focus_particle","227","298",-0.9,-10.2,"79","291","142","64"
"2","3","F","9","I9","möchten","VM","content",2,2,"short","1552",3.19117145572856,"no_accent","no_accent","not_last","no_focus_particle","245","283",NA,NA,"78","243","53","0"
"2","3","F","9","I9","an","PP","function",1,1,"short","98024",4.99133685097224,"no_accent","no_accent","not_last","no_focus_particle","235","265",NA,NA,"80","124","66","0"
"2","3","F","9","I9","dem","ART","function",1,1,"long","74981",4.87495702020636,"no_accent","no_accent","not_last","no_focus_particle","215","219",NA,NA,"76","121","38","0"
"2","3","F","9","I9","stand","NN","content",1,1,"short","410",2.61384182187607,"prenuclear","rising","not_last","no_focus_particle","250","354",4.7,38.4,"79","343","76","21"
"2","3","F","9","I9","des","ART","function",1,1,"short","28286",4.4515868904569,"no_accent","no_accent","not_last","no_focus_particle","285","295",NA,NA,"74","111","27","4"
"2","3","F","9","I9","frauenvereins","NN","content",4,3,"long","3",0.602059991327962,"nuclear_ip","high","not_last","no_focus_particle","237","351",-0.1,-1.2,"79","293","78","14"
"2","3","F","9","I9","ein","ART","function",1,1,"long","185794",5.26903402235069,"no_accent","no_accent","not_last","no_focus_particle","196","270",NA,NA,"75","81","72","0"
"2","3","F","9","I9","bild","NN","content",1,1,"short","2583",3.41229250932305,"nuclear_IP","falling","last","no_focus_particle","204","237",-4.6,-22,"75","256","82","21"
"2","3","F","9","I9","kaufen","VV","content",2,2,"long","2728",3.4360035356699,"no_accent","no_accent","not_last","no_focus_particle","193","248",NA,NA,"76","254","132","0"
"2","12","M","10","D30","es","PRO","function",1,1,"short","261560",5.41757298908854,"no_accent","no_accent","not_last","no_focus_particle","130","131",NA,NA,"79","132","50","4"
"2","12","M","10","D30","klingelt","VV","content",2,2,"short","629",2.79934054945358,"nuclear_IP","rising","not_last","no_focus_particle","184","240",10.3,43.2,"82","217","52","96"
"2","12","M","10","D30","an","PP","function",1,1,"short","98024",4.99133685097224,"no_accent","no_accent","not_last","no_focus_particle","106","113",NA,NA,"74","127","71","0"
"2","12","M","10","D30","der","ART","function",1,1,"long","235950",5.37282182229588,"no_accent","no_accent","not_last","no_focus_particle","102","110",NA,NA,"73","75","59","0"
"2","12","M","10","D30","tür","NN","content",1,1,"long","6301",3.79947839883798,"no_accent","no_accent","last","no_focus_particle","103","136",NA,NA,"73","350","160","0"
"2","8","F","11","Q17","sie","PRO","function",1,1,"long","366870",5.56451338349827,"no_accent","no_accent","not_last","no_focus_particle","215","216",NA,NA,"75","133","38","0"
"2","8","F","11","Q17","liest","VV","content",1,1,"long","686",2.83695673705955,"prenuclear","high","not_last","no_focus_particle","233","256",3,18.5,"77","238","92","4"
"2","8","F","11","Q17","sich","PRO","function",1,1,"short","83233",4.92030076614785,"no_accent","no_accent","not_last","no_focus_particle","288","331",NA,NA,"72","119","36","0"
"2","8","F","11","Q17","die","ART","function",1,1,"long","326305",5.51362505951553,"no_accent","no_accent","not_last","no_focus_particle","302","343",NA,NA,"75","78","26","4"
"2","8","F","11","Q17","ballade","NN","content",3,3,"long","41",1.6232492903979,"nuclear_IP","high","last","no_focus_particle","274","316",1.5,12.4,"83","157","128","100"
"2","8","F","11","Q17","durch","PTK","function",1,1,"long","15113",4.17937941788176,"no_accent","no_accent","not_last","no_focus_particle","150","209",NA,NA,"74","364","160","0"
"2","4","F","12","K11","schon","ADV","content",1,1,"long","65985",4.81945180269794,"no_accent","no_accent","not_last","no_focus_particle","214","233",NA,NA,"79","170","35","4"
"2","4","F","12","K11","seit","ADV","content",1,1,"long","8574",3.93323412871481,"no_accent","no_accent","not_last","no_focus_particle","185","199",NA,NA,"80","174","77","11"
"2","4","F","12","K11","wochen","NN","content",2,2,"short","3189",3.50379068305718,"prenuclear","rising","not_last","no_focus_particle","237","290",9.9,61.7,"87","139","66","100"
"2","4","F","12","K11","freuen","VV","content",2,1,"long","870",2.94001815500766,"no_accent","no_accent","not_last","no_focus_particle","199","221",NA,NA,"82","351","97","0"
"2","4","F","12","K11","sie","PRO","function",1,1,"long","366870",5.56451338349827,"no_accent","no_accent","not_last","no_focus_particle","198","202",NA,NA,"73","118","0","0"
"2","4","F","12","K11","sich","PRO","function",1,1,"short","83233",4.92030076614785,"no_accent","no_accent","not_last","no_focus_particle","209","218",NA,NA,"73","163","0","0"
"2","4","F","12","K11","auf","PP","function",1,1,"long","131482",5.11886960466257,"no_accent","no_accent","not_last","no_focus_particle","147","214",NA,NA,"75","161","72","0"
"2","4","F","12","K11","dieses","ART","function",2,2,"long","12894",4.11042134647396,"prenuclear","low","not_last","no_focus_particle","205","270",0.1,1.4,"77","155","110","21"
"2","4","F","12","K11","thema","NN","content",2,2,"long","1064",3.02734960777476,"nuclear_IP","falling","last","no_focus_particle","175","218",-4.9,-27.2,"80","195","70","14"
"2","2","F","13","G33","ich","PRO","function",1,1,"short","489637",5.68987511532603,"no_accent","no_accent","not_last","no_focus_particle","290","321",NA,NA,"58","77","0","0"
"2","2","F","13","G33","kann","VM","content",1,1,"short","67376",4.82851166986192,"no_accent","no_accent","not_last","no_focus_particle","176","185",NA,NA,"78","205","62","0"
"2","2","F","13","G33","gar","ADV","content",1,1,"long","12016",4.07979606117236,"no_accent","no_accent","not_last","no_focus_particle","160","167",NA,NA,"76","102","72","0"
"2","2","F","13","G33","nicht","PTK","function",1,1,"short","422376",5.62570026121837,"no_accent","no_accent","not_last","no_focus_particle","152","157",NA,NA,"73","176","33","0"
"2","2","F","13","G33","glauben","VV","content",2,2,"long","7551",3.87806198129001,"nuclear_IP","rising","not_last","no_focus_particle","217","260",10.1,41.5,"85","250","168","96"
"2","2","F","13","G33","dass","KON","function",1,1,"short","123254",5.0908045460293,"no_accent","no_accent","not_last","no_focus_particle","162","211",NA,NA,"72","125","47","4"
"2","2","F","13","G33","sogar","ADV","content",2,2,"long","5079",3.70586371228392,"no_accent","no_accent","not_last","no_focus_particle","158","207",NA,NA,"75","194","91","4"
"2","2","F","13","G33","doktor","NN","content",2,2,"short","2846",3.45438746714695,"no_accent","no_accent","not_last","no_focus_particle","155","236",NA,NA,"72","135","35","0"
"2","2","F","13","G33","bahber","NE","content",2,2,"long","0",0,"postnuclear","no_accent","not_last","focus_particle","141","167",-0.6,-6.5,"74","165","114","7"
"2","2","F","13","G33","so","ADV","content",1,1,"long","110711",5.04419469631987,"no_accent","no_accent","not_last","no_focus_particle","147","182",NA,NA,"72","147","67","0"
"2","2","F","13","G33","eins","PRO","function",1,1,"long","4665",3.66894473445773,"no_accent","no_accent","last","no_focus_particle","144","204",NA,NA,"72","202","69","0"
"2","2","F","13","G33","hat","VV","content",1,1,"short","114762",5.05980189254029,"no_accent","no_accent","not_last","no_focus_particle","148","205",NA,NA,"70","255","100","0"
"2","9","F","14","M13","herr","NN","content",1,1,"short","9504",3.97795212120146,"no_accent","no_accent","not_last","no_focus_particle","219","224",NA,NA,"74","96","48","4"
"2","9","F","14","M13","müller","NE","content",2,2,"short","58",1.77085201164214,"prenuclear","rising","not_last","no_focus_particle","330","430",11.9,70.1,"76","133","34","82"
"2","9","F","14","M13","ist","VA","content",1,1,"short","475043",5.67673383714531,"no_accent","no_accent","not_last","no_focus_particle","308","329",NA,NA,"78","142","41","7"
"2","9","F","14","M13","der","ART","function",1,1,"long","235950",5.37282182229588,"no_accent","no_accent","not_last","no_focus_particle","298","329",NA,NA,"80","61","46","0"
"2","9","F","14","M13","beliebteste","ADJ","content",4,4,"long","44",1.65321251377534,"nuclear_IP","high","not_last","no_focus_particle","236","273",1.2,22.2,"75","214","63","50"
"2","9","F","14","M13","lehrer","NN","content",2,2,"long","1338",3.12678057701201,"no_accent","no_accent","not_last","no_focus_particle","195","205",NA,NA,"79","203","143","4"
"2","9","F","14","M13","an","PP","function",1,1,"short","98024",4.99133685097224,"no_accent","no_accent","not_last","no_focus_particle","157","198",NA,NA,"78","184","101","4"
"2","9","F","14","M13","seiner","PRO","function",2,2,"long","5959",3.77524625974024,"no_accent","no_accent","not_last","no_focus_particle","186","193",NA,NA,"75","140","89","0"
"2","9","F","14","M13","schule","NN","content",2,2,"long","4952",3.69486832798246,"postnuclear","no_accent","last","no_focus_particle","188","200",-0.9,-12.5,"73","210","63","4"
"2","8","F","15","J10","der","ART","function",1,1,"long","235950",5.37282182229588,"no_accent","no_accent","not_last","no_focus_particle","233","259",NA,NA,"77","153","98","7"
"2","8","F","15","J10","oberarzt","NN","content",3,3,"long","48",1.69019608002851,"nuclear_ip","rising","not_last","no_focus_particle","278","361",7.4,37.4,"82","80","60","75"
"2","8","F","15","J10","und","KON","function",1,1,"short","255151",5.40679897688365,"no_accent","no_accent","not_last","no_focus_particle","208","218",NA,NA,"73","127","58","0"
"2","8","F","15","J10","seine","PRO","function",2,2,"long","16602",4.22018656790328,"no_accent","no_accent","not_last","no_focus_particle","194","214",NA,NA,"77","111","72","4"
"2","8","F","15","J10","kollegen","NN","content",3,3,"long","655",2.81690383937566,"nuclear_ip","low","not_last","no_focus_particle","229","292",2.7,38,"77","174","119","21"
"2","8","F","15","J10","möchten","VM","content",2,2,"short","1552",3.19117145572856,"no_accent","no_accent","not_last","no_focus_particle","205","250",NA,NA,"76","159","65","0"
"2","8","F","15","J10","doktor","NN","content",2,2,"short","2846",3.45438746714695,"no_accent","no_accent","not_last","no_focus_particle","192","220",NA,NA,"76","141","49","0"
"2","8","F","15","J10","bieber","NE","content",2,2,"long","6",0.845098040014257,"nuclear_ip","high","not_last","no_focus_particle","219","253",2.8,39,"73","185","88","32"
"2","8","F","15","J10","gerne","ADV","content",2,2,"long","5239",3.71933128698373,"prenuclear","high","not_last","no_focus_particle","259","290",3.5,21.5,"83","203","109","43"
"2","8","F","15","J10","als","PTK","function",1,1,"short","59151",4.77196943322903,"no_accent","no_accent","not_last","no_focus_particle","253","265",NA,NA,"78","210","49","0"
"2","8","F","15","J10","neuen","ADJ","content",2,1,"long","4056",3.60820500770433,"no_accent","no_accent","not_last","no_focus_particle","209","232",NA,NA,"76","234","124","4"
"2","8","F","15","J10","arzt","NN","content",1,1,"long","2915",3.46478751964594,"nuclear_ip","low","not_last","no_focus_particle","165","216",1.5,38.6,"78","371","154","7"
"2","8","F","15","J10","in","PP","function",1,1,"short","182149",5.26042917557793,"no_accent","no_accent","not_last","no_focus_particle","222","229",NA,NA,"68","85","33","0"
"2","8","F","15","J10","ihrem","PRO","function",2,2,"long","4027",3.60508946188158,"no_accent","no_accent","not_last","no_focus_particle","242","264",NA,NA,"73","68","66","0"
"2","8","F","15","J10","krankenhaus","NN","content",3,3,"short","2929",3.46686762035411,"nuclear_IP","falling","last","no_focus_particle","189","256",-4,-25.3,"78","202","82","18"
"2","8","F","15","J10","einstellen","VV","content",3,3,"long","449",2.65321251377534,"postnuclear","no_accent","not_last","no_focus_particle","155","210",0.5,12.8,"72","212","131","0"
"2","11","M","16","J36","die","ART","function",1,1,"long","326305",5.51362505951553,"no_accent","no_accent","not_last","no_focus_particle","117","122",NA,NA,"78","126","97","0"
"2","11","M","16","J36","eltern","NN","content",2,2,"short","4087",3.61151088712666,"nuclear_ip","rising","not_last","no_focus_particle","142","184",7.2,35.5,"79","180","92","18"
"2","11","M","16","J36","sind","VA","content",1,1,"short","109934",5.04113598074878,"no_accent","no_accent","not_last","no_focus_particle","138","144",NA,NA,"75","161","42","0"
"2","11","M","16","J36","sich","PRO","function",1,1,"short","83233",4.92030076614785,"no_accent","no_accent","not_last","no_focus_particle","141","157",NA,NA,"69","156","30","0"
"2","11","M","16","J36","unsicher","ADJ","content",3,3,"short","298",2.47567118832443,"prenuclear","rising","not_last","no_focus_particle","131","173",4.7,19.7,"81","311","67","100"
"2","11","M","16","J36","mit","PP","function",1,1,"short","152783",5.18407787599659,"no_accent","no_accent","not_last","no_focus_particle","100","105",NA,NA,"74","187","36","0"
"2","11","M","16","J36","einem","ART","function",2,1,"long","33790",4.52880104433647,"no_accent","no_accent","not_last","no_focus_particle","106","111",NA,NA,"76","246","153","0"
"2","11","M","16","J36","neuen","ADJ","content",2,1,"long","4056",3.60820500770433,"no_accent","no_accent","not_last","no_focus_particle","103","106",NA,NA,"76","225","122","4"
"2","11","M","16","J36","medikament","NN","content",4,4,"short","81",1.91381385238372,"nuclear_ip","rising","last","no_focus_particle","116","160",8.1,31.2,"76","381","56","36"
"2","11","M","16","J36","das","PRO","function",1,1,"short","326943",5.51447337170092,"no_accent","no_accent","not_last","no_focus_particle","116","117",NA,NA,"77","147","46","4"
"2","11","M","16","J36","sie","PRO","function",1,1,"long","366870",5.56451338349827,"no_accent","no_accent","not_last","no_focus_particle","121","127",NA,NA,"75","98","57","0"
"2","11","M","16","J36","vom","PP","function",1,1,"short","11806",4.07213956323974,"no_accent","no_accent","not_last","no_focus_particle","113","120",NA,NA,"77","241","47","0"
"2","11","M","16","J36","arzt","NN","content",1,1,"long","2915",3.46478751964594,"prenuclear","rising","not_last","no_focus_particle","119","146",8.5,69.4,"77","324","200","29"
"2","11","M","16","J36","für","PP","function",1,1,"long","106195",5.02610815882978,"no_accent","no_accent","not_last","no_focus_particle","136","150",NA,NA,"73","150","43","0"
"2","11","M","16","J36","ihr","PRO","function",1,1,"long","67939",4.83212554253401,"no_accent","no_accent","not_last","no_focus_particle","111","112",NA,NA,"73","105","105","0"
"2","11","M","16","J36","kind","NN","content",1,1,"short","7720",3.88767355245445,"prenuclear","high","last","no_focus_particle","121","132",1.2,13.8,"76","305","31","14"
"2","11","M","16","J36","bekommen","VV","content",3,2,"short","7231",3.85925841746731,"nuclear_IP","falling","not_last","no_focus_particle","106","122",-2.9,-22.7,"76","319","46","4"
"2","11","M","16","J36","haben","VA","content",2,2,"long","106711",5.02821325954394,"no_accent","no_accent","not_last","no_focus_particle","98","108",NA,NA,"70","217","137","0"
"2","9","F","17","K37","die","ART","function",1,1,"long","326305",5.51362505951553,"no_accent","no_accent","not_last","no_focus_particle","324","330",NA,NA,"67","64","22","4"
"2","9","F","17","K37","mädchen","NN","content",2,2,"long","11885",4.07503572592219,"prenuclear","high","not_last","no_focus_particle","353","386",3,18.5,"80","202","76","46"
"2","9","F","17","K37","werden","VA","content",2,2,"long","48978",4.6900099139264,"no_accent","no_accent","not_last","no_focus_particle","246","296",NA,NA,"82","165","109","0"
"2","9","F","17","K37","sich","PRO","function",1,1,"short","83233",4.92030076614785,"no_accent","no_accent","not_last","no_focus_particle","220","232",NA,NA,"72","186","35","0"
"2","9","F","17","K37","mit","PP","function",1,1,"short","152783",5.18407787599659,"no_accent","no_accent","not_last","no_focus_particle","210","218",NA,NA,"69","114","22","0"
"2","9","F","17","K37","ihrer","PRO","function",2,1,"long","4232",3.62664826847401,"no_accent","no_accent","not_last","no_focus_particle","188","205",NA,NA,"72","92","88","0"
"2","9","F","17","K37","neuen","ADJ","content",2,1,"long","4056",3.60820500770433,"nuclear_ip","rising","not_last","no_focus_particle","250","302",9.8,39.2,"77","311","143","75"
"2","9","F","17","K37","klassenkameradin","NN","content",6,6,"short","11",1.07918124604762,"no_accent","no_accent","last","no_focus_particle","221","288",NA,NA,"79","210","82","14"
"2","9","F","17","K37","sicher","ADV","content",2,2,"short","18773",4.27355681352984,"no_accent","no_accent","not_last","no_focus_particle","184","203",NA,NA,"68","143","33","11"
"2","9","F","17","K37","gut","ADJ","content",1,1,"long","54294",4.73475983746378,"nuclear_IP","rising","not_last","no_focus_particle","228","240",5.2,38.8,"70","238","72","68"
"2","9","F","17","K37","verstehen","VV","content",3,2,"long","4798",3.68115074993242,"no_accent","no_accent","not_last","no_focus_particle","176","200",NA,NA,"75","333","83","7"
"2","7","F","18","R18","von","PP","function",1,1,"short","109563",5.0396678792429,"no_accent","no_accent","not_last","no_focus_particle","197","214",NA,NA,"80","173","22","0"
"2","7","F","18","R18","einem","ART","function",1,1,"long","33790",4.52880104433647,"no_accent","no_accent","not_last","no_focus_particle","185","199",NA,NA,"84","231","144","7"
"2","7","F","18","R18","bekannten","NN","content",3,3,"short","95",1.98227123303957,"nuclear_ip","rising","not_last","no_focus_particle","207","255",3.7,12.8,"85","267","66","71"
"2","7","F","18","R18","haben","VA","content",2,1,"long","106711",5.02821325954394,"no_accent","no_accent","not_last","no_focus_particle","235","256",NA,NA,"85","183","63","0"
"2","7","F","18","R18","sie","PRO","function",1,1,"long","366870",5.56451338349827,"no_accent","no_accent","not_last","no_focus_particle","208","219",NA,NA,"81","106","61","0"
"2","7","F","18","R18","eine","ART","function",2,2,"long","118709",5.07448730498569,"no_accent","no_accent","not_last","no_focus_particle","187","197",NA,NA,"82","66","57","0"
"2","7","F","18","R18","gute","ADJ","content",2,2,"long","6958",3.84254683649502,"prenuclear","rising","not_last","no_focus_particle","203","244",6.4,30.4,"81","122","47","21"
"2","7","F","18","R18","empfehlung","NN","content",3,3,"long","124",2.09691001300806,"nuclear_IP","falling","last","no_focus_particle","176","228",-5.4,-26.9,"80","182","87","18"
"2","7","F","18","R18","bekommen","VV","content",3,2,"short","7231",3.85925841746731,"no_accent","no_accent","not_last","no_focus_particle","170","196",NA,NA,"78","331","75","4"
"2","3","F","19","M13","herr","NN","content",1,1,"short","9504",3.97795212120146,"no_accent","no_accent","not_last","no_focus_particle","240","255",NA,NA,"84","138","65","4"
"2","3","F","19","M13","müller","NE","content",2,2,"short","58",1.77085201164214,"prenuclear","rising","not_last","no_focus_particle","299","337",6.5,32.3,"83","158","60","39"
"2","3","F","19","M13","ist","VA","content",1,1,"short","475043",5.67673383714531,"no_accent","no_accent","not_last","no_focus_particle","283","307",NA,NA,"85","150","50","0"
"2","3","F","19","M13","der","ART","function",1,1,"long","235950",5.37282182229588,"no_accent","no_accent","not_last","no_focus_particle","246","262",NA,NA,"86","66","53","0"
"2","3","F","19","M13","beliebteste","ADJ","content",4,4,"long","44",1.65321251377534,"prenuclear","rising","not_last","no_focus_particle","285","361",7.3,35.7,"80","159","58","25"
"2","3","F","19","M13","lehrer","NN","content",2,2,"long","1338",3.12678057701201,"nuclear_IP","falling","not_last","no_focus_particle","241","308",-5.5,-28.8,"89","222","119","82"
"2","3","F","19","M13","an","PP","function",1,1,"short","98024",4.99133685097224,"no_accent","no_accent","not_last","no_focus_particle","198","199",NA,NA,"81","63","29","0"
"2","3","F","19","M13","seiner","PRO","function",2,2,"long","5959",3.77524625974024,"no_accent","no_accent","not_last","no_focus_particle","195","200",NA,NA,"83","145","75","4"
"2","3","F","19","M13","schule","NN","content",2,2,"long","4952",3.69486832798246,"postnuclear","no_accent","last","no_focus_particle","190","224",-2.7,-27.4,"81","237","69","11"
"2","6","F","20","N40","eine","ART","function",2,2,"long","118709",5.07448730498569,"no_accent","no_accent","not_last","no_focus_particle","225","237",NA,NA,"77","70","72","0"
"2","6","F","20","N40","akupunktur","NN","content",4,4,"long","12",1.11394335230684,"prenuclear","rising","not_last","no_focus_particle","244","301",5.9,38.7,"78","170","97","11"
"2","6","F","20","N40","kann","VM","content",1,1,"short","67376",4.82851166986192,"no_accent","no_accent","not_last","no_focus_particle","240","298",NA,NA,"80","195","58","0"
"2","6","F","20","N40","nur","ADV","content",1,1,"long","80748",4.90713715271,"prenuclear","rising","not_last","no_focus_particle","263","325",6.5,32.4,"83","193","89","96"
"2","6","F","20","N40","doktor","NN","content",2,2,"short","2846",3.45438746714695,"no_accent","no_accent","not_last","no_focus_particle","284","320",NA,NA,"84","168","65","14"
"2","6","F","20","N40","bahber","NE","content",2,2,"long","0",0,"nuclear_IP","falling","last","focus_particle","216","266",-4.4,-21,"84","196","144","43"
"2","6","F","20","N40","machen","VV","content",2,2,"short","35975",4.55601287455989,"no_accent","no_accent","not_last","no_focus_particle","175","191",NA,NA,"74","206","80","0"
"3","3","F","1","O41","er","PRO","function",1,1,"long","121771",5.08554743900755,"no_accent","no_accent","not_last","no_focus_particle","235","245",NA,NA,"74","29","29","0"
"3","3","F","1","O41","schaut","VV","content",1,1,"long","696",2.84323277809801,"prenuclear","rising","not_last","no_focus_particle","246","258",3.7,18.8,"85","277","121","43"
"3","3","F","1","O41","sich","PRO","function",1,1,"short","83233",4.92030076614785,"no_accent","no_accent","not_last","no_focus_particle","295","308",NA,NA,"73","125","36","0"
"3","3","F","1","O41","die","ART","function",1,1,"long","326305",5.51362505951553,"no_accent","no_accent","not_last","no_focus_particle","285","308",NA,NA,"73","116","47","4"
"3","3","F","1","O41","nina","NE","content",2,2,"long","474",2.67669360962487,"no_accent","no_accent","last","no_focus_particle","245","279",NA,NA,"77","155","96","25"
"3","3","F","1","O41","an","PTK","function",1,1,"short","98024",4.99133685097224,"nuclear_IP","falling","not_last","no_focus_particle","168","204",-5.7,-30.3,"74","299","101","61"
"3","4","F","2","P42","sie","PRO","function",1,1,"long","366870",5.56451338349827,"no_accent","no_accent","not_last","no_focus_particle","188","196",NA,NA,"75","125","42","0"
"3","4","F","2","P42","wird","VA","content",1,1,"long","62904",4.79868516668704,"prenuclear","rising","not_last","no_focus_particle","191","270",5.7,47.5,"82","274","73","11"
"3","4","F","2","P42","den","ART","function",1,1,"long","145530",5.16295551356197,"no_accent","no_accent","not_last","no_focus_particle","226","259",NA,NA,"80","114","55","0"
"3","4","F","2","P42","mädchen","NN","content",2,2,"long","11885",4.07503572592219,"prenuclear","rising","not_last","no_focus_particle","208","253",4.4,29.9,"81","171","78","4"
"3","4","F","2","P42","die","ART","function",1,1,"long","326305",5.51362505951553,"no_accent","no_accent","not_last","no_focus_particle","192","204",NA,NA,"75","58","45","0"
"3","4","F","2","P42","sprache","NN","content",2,2,"long","871",2.94051648493257,"prenuclear","rising","last","no_focus_particle","183","196",2.1,30.3,"79","259","91","7"
"3","4","F","2","P42","sicher","ADV","content",2,2,"short","18773",4.27355681352984,"no_accent","no_accent","not_last","no_focus_particle","186","222",NA,NA,"77","161","61","0"
"3","4","F","2","P42","sehr","ADV","content",1,1,"long","30737",4.48767560625998,"prenuclear","rising","not_last","no_focus_particle","202","270",7.1,48.6,"82","277","167","100"
"3","4","F","2","P42","schnell","ADJ","content",1,1,"short","8885",3.94870630890485,"nuclear_IP","low","not_last","no_focus_particle","220","254",-0.1,-1.3,"77","355","71","29"
"3","4","F","2","P42","beibringen","VV","content",3,2,"long","438",2.64246452024212,"postnuclear","no_accent","not_last","no_focus_particle","156","171",0.3,2.5,"75","217","140","0"
"3","4","F","2","P42","können","VM","content",2,1,"short","33390",4.52362942558263,"no_accent","no_accent","not_last","no_focus_particle","163","188",NA,NA,"74","283","82","0"
"3","2","F","3","B2","die","ART","function",1,1,"long","326305",5.51362505951553,"no_accent","no_accent","not_last","no_focus_particle","209","289",NA,NA,"71","124","40","0"
"3","2","F","3","B2","beste","ADJ","content",2,2,"short","2921",3.46568021159828,"prenuclear","rising","not_last","no_focus_particle","272","339",8.4,55.8,"77","172","93","79"
"3","2","F","3","B2","klinik","NN","content",2,2,"long","640",2.80685802951882,"no_accent","no_accent","not_last","no_focus_particle","232","293",NA,NA,"75","180","42","29"
"3","2","F","3","B2","der","ART","function",1,1,"long","235950",5.37282182229588,"no_accent","no_accent","not_last","no_focus_particle","265","366",NA,NA,"75","122","63","7"
"3","2","F","3","B2","stadt","NN","content",1,1,"short","7630",3.88258145355445,"nuclear_IP","high","not_last","no_focus_particle","266","397",-2.8,-64.2,"77","238","71","82"
"3","2","F","3","B2","hat","VA","content",1,1,"short","114762",5.05980189254029,"no_accent","no_accent","not_last","no_focus_particle","187","302",NA,NA,"71","151","33","0"
"3","2","F","3","B2","doktor","NN","content",2,2,"short","2846",3.45438746714695,"no_accent","no_accent","not_last","no_focus_particle","164","291",NA,NA,"69","156","39","0"
"3","2","F","3","B2","bahber","NE","content",2,2,"long","0",0,"no_accent","no_accent","last","no_focus_particle","136","152",NA,NA,"70","141","94","0"
"3","2","F","3","B2","so","ADV","content",1,1,"long","110711",5.04419469631987,"no_accent","no_accent","not_last","no_focus_particle","140","145",NA,NA,"66","116","41","0"
"3","2","F","3","B2","gut","ADJ","content",1,1,"long","54294",4.73475983746378,"no_accent","no_accent","not_last","no_focus_particle","149","186",NA,NA,"66","122","30","0"
"3","2","F","3","B2","ausgebildet","VV","content",4,4,"long","243",2.38738982633873,"no_accent","no_accent","not_last","no_focus_particle","134","173",NA,NA,"67","201","118","0"
"3","5","M","4","R44","sie","PRO","function",1,1,"long","366870",5.56451338349827,"no_accent","no_accent","not_last","no_focus_particle","143","149",NA,NA,"77","176","48","7"
"3","5","M","4","R44","rufen","VV","content",2,2,"long","1913",3.28194193344082,"prenuclear","rising","not_last","no_focus_particle","183","210",6.3,52.8,"82","149","78","21"
"3","5","M","4","R44","doktor","NN","content",2,2,"short","2846",3.45438746714695,"no_accent","no_accent","not_last","no_focus_particle","173","181",NA,NA,"81","122","50","4"
"3","5","M","4","R44","bahber","NE","content",2,2,"long","0",0,"nuclear_IP","high","last","no_focus_particle","159","192",2.9,18.3,"86","190","134","89"
"3","5","M","4","R44","an","PTK","function",1,1,"short","98024",4.99133685097224,"no_accent","no_accent","not_last","no_focus_particle","94","105",NA,NA,"77","251","78","0"
"3","7","F","5","S45","ausserdem","ADV","content",3,3,"long","1820",3.26030994579492,"nuclear_ip","rising","not_last","no_focus_particle","233","257",4.5,29.7,"82","182","94","21"
"3","7","F","5","S45","ist","VA","content",1,1,"short","475043",5.67673383714531,"no_accent","no_accent","not_last","no_focus_particle","253","260",NA,NA,"77","110","24","0"
"3","7","F","5","S45","er","PRO","function",1,1,"long","121771",5.08554743900755,"no_accent","no_accent","not_last","no_focus_particle","225","236",NA,NA,"80","46","46","4"
"3","7","F","5","S45","dafür","PRO","function",2,2,"long","9543",3.97973043066229,"no_accent","no_accent","not_last","no_focus_particle","202","214",NA,NA,"82","118","50","0"
"3","7","F","5","S45","bekannt","ADJ","content",2,2,"short","1877",3.27369558793009,"nuclear_ip","rising","not_last","no_focus_particle","206","269",4.4,44,"84","343","70","75"
"3","7","F","5","S45","zu","PP","function",1,1,"long","229130",5.36008385050829,"no_accent","no_accent","not_last","no_focus_particle","214","227",NA,NA,"82","166","38","4"
"3","7","F","5","S45","jedem","PRO","function",2,2,"long","2231",3.34869419026554,"prenuclear","rising","not_last","no_focus_particle","226","248",4.1,48.1,"81","147","56","11"
"3","7","F","5","S45","neuen","ADJ","content",2,1,"long","4056",3.60820500770433,"prenuclear","rising","not_last","no_focus_particle","198","226",2.7,20.9,"84","254","132","7"
"3","7","F","5","S45","thema","NN","content",2,2,"long","1064",3.02734960777476,"nuclear_ip","rising","not_last","no_focus_particle","209","236",3.6,28.1,"82","216","102","14"
"3","7","F","5","S45","in","PP","function",1,1,"short","182149",5.26042917557793,"no_accent","no_accent","not_last","no_focus_particle","203","213",NA,NA,"81","88","36","0"
"3","7","F","5","S45","der","ART","function",1,1,"long","235950",5.37282182229588,"no_accent","no_accent","not_last","no_focus_particle","203","207",NA,NA,"80","84","64","0"
"3","7","F","5","S45","stunde","NN","content",2,2,"short","3661",3.56371833996568,"prenuclear","low","not_last","no_focus_particle","175","201",1.1,10.4,"82","254","56","4"
"3","7","F","5","S45","einen","ART","function",2,1,"long","79612",4.90098398943725,"no_accent","no_accent","not_last","no_focus_particle","203","210",NA,NA,"82","182","71","0"
"3","7","F","5","S45","kleinen","ADJ","content",2,1,"long","4528",3.65600232068296,"no_accent","no_accent","not_last","no_focus_particle","218","252",NA,NA,"83","267","95","11"
"3","7","F","5","S45","film","NN","content",1,1,"short","6623",3.82112032377682,"nuclear_IP","falling","last","no_focus_particle","224","272",-2.2,-12.7,"81","227","51","50"
"3","7","F","5","S45","zu","PTK","function",1,1,"long","229130",5.36008385050829,"no_accent","no_accent","not_last","no_focus_particle","195","196",NA,NA,"73","114","32","0"
"3","7","F","5","S45","zeigen","VV","content",2,2,"long","4687",3.67098760301003,"no_accent","no_accent","not_last","no_focus_particle","161","191",NA,NA,"76","322","152","0"
"3","9","F","6","F6","sie","PRO","function",1,1,"long","366870",5.56451338349827,"no_accent","no_accent","not_last","no_focus_particle","214","219",NA,NA,"73","112","57","7"
"3","9","F","6","F6","sind","VA","content",1,1,"short","109934",5.04113598074878,"no_accent","no_accent","not_last","no_focus_particle","224","233",NA,NA,"82","163","43","0"
"3","9","F","6","F6","schon","ADV","content",1,1,"long","65985",4.81945180269794,"no_accent","no_accent","not_last","no_focus_particle","223","235",NA,NA,"77","182","38","4"
"3","9","F","6","F6","sehr","ADV","content",1,1,"long","30737",4.48767560625998,"prenuclear","rising","not_last","no_focus_particle","246","277",5.2,26.6,"84","207","133","86"
"3","9","F","6","F6","gespannt","ADJ","content",2,2,"short","257",2.41161970596323,"nuclear_ip","falling","not_last","no_focus_particle","247","307",-8.8,-27.5,"85","350","89","50"
"3","9","F","6","F6","auf","PP","function",1,1,"long","131482",5.11886960466257,"no_accent","no_accent","not_last","no_focus_particle","184","188",NA,NA,"79","187","69","0"
"3","9","F","6","F6","die","ART","function",1,1,"long","326305",5.51362505951553,"no_accent","no_accent","not_last","no_focus_particle","140","214",NA,NA,"67","102","80","0"
"3","9","F","6","F6","ersten","ADV","content",2,2,"long","5076",3.70560716340461,"prenuclear","rising","not_last","no_focus_particle","206","277",5.9,30.1,"78","192","104","18"
"3","9","F","6","F6","untersuchungsergebnisse","NN","content",8,8,"short","14",1.17609125905568,"nuclear_IP","high","last","no_focus_particle","200","275",-1.8,-33.3,"72","130","64","14"
"3","1","F","7","H8","sie","PRO","function",1,1,"long","366870",5.56451338349827,"no_accent","no_accent","not_last","no_focus_particle","252","255",NA,NA,"71","120","49","4"
"3","1","F","7","H8","werfen","VV","content",2,2,"long","1244",3.09516935143176,"prenuclear","rising","not_last","no_focus_particle","205","262",6,39.1,"81","211","101","68"
"3","1","F","7","H8","die","ART","function",1,1,"long","326305",5.51362505951553,"no_accent","no_accent","not_last","no_focus_particle","252","265",NA,NA,"72","104","82","0"
"3","1","F","7","H8","rosine","NN","content",3,3,"long","7",0.903089986991944,"prenuclear","falling","last","no_focus_particle","223","265",-5.8,-53.2,"73","137","32","14"
"3","1","F","7","H8","weg","PTK","function",1,1,"short","16656",4.22159678574026,"nuclear_IP","falling","not_last","no_focus_particle","180","211",-2.2,-40.9,"76","328","64","64"
"3","12","M","8","M13","herr","NN","content",1,1,"short","9504",3.97795212120146,"no_accent","no_accent","not_last","no_focus_particle","133","140",NA,NA,"77","99","43","4"
"3","12","M","8","M13","müller","NE","content",2,2,"short","58",1.77085201164214,"nuclear_ip","rising","not_last","no_focus_particle","188","274",9.5,59,"79","148","40","68"
"3","12","M","8","M13","ist","VA","content",1,1,"short","475043",5.67673383714531,"no_accent","no_accent","not_last","no_focus_particle","243","275",NA,NA,"89","153","57","0"
"3","12","M","8","M13","der","ART","function",1,1,"long","235950",5.37282182229588,"no_accent","no_accent","not_last","no_focus_particle","147","155",NA,NA,"78","80","37","0"
"3","12","M","8","M13","beliebteste","ADJ","content",4,4,"long","44",1.65321251377534,"prenuclear","rising","not_last","no_focus_particle","166","247",5.1,65.1,"71","129","45","29"
"3","12","M","8","M13","lehrer","NN","content",2,2,"long","1338",3.12678057701201,"nuclear_IP","falling","not_last","no_focus_particle","147","196",-7.6,-50.1,"77","215","126","46"
"3","12","M","8","M13","an","PP","function",1,1,"short","98024",4.99133685097224,"no_accent","no_accent","not_last","no_focus_particle","115","128",NA,NA,"72","132","73","0"
"3","12","M","8","M13","seiner","PRO","function",2,2,"long","5959",3.77524625974024,"no_accent","no_accent","not_last","no_focus_particle","99","114",NA,NA,"74","110","60","4"
"3","12","M","8","M13","schule","NN","content",2,2,"long","4952",3.69486832798246,"no_accent","no_accent","last","no_focus_particle","94","98",NA,NA,"70","267","105","4"
"3","4","F","9","J36","die","ART","function",1,1,"long","326305",5.51362505951553,"no_accent","no_accent","not_last","no_focus_particle","200","215",NA,NA,"81","113","64","0"
"3","4","F","9","J36","eltern","NN","content",2,2,"short","4087",3.61151088712666,"prenuclear","rising","not_last","no_focus_particle","237","286",6,39.9,"84","121","77","18"
"3","4","F","9","J36","sind","VA","content",1,1,"short","109934",5.04113598074878,"no_accent","no_accent","not_last","no_focus_particle","260","277",NA,NA,"80","135","42","0"
"3","4","F","9","J36","sich","PRO","function",1,1,"short","83233",4.92030076614785,"no_accent","no_accent","not_last","no_focus_particle","235","263",NA,NA,"75","150","48","0"
"3","4","F","9","J36","unsicher","ADJ","content",3,3,"short","298",2.47567118832443,"nuclear_ip","rising","not_last","no_focus_particle","264","317",6.1,25.1,"82","225","108","71"
"3","4","F","9","J36","mit","PP","function",1,1,"short","152783",5.18407787599659,"no_accent","no_accent","not_last","no_focus_particle","263","281",NA,NA,"77","143","32","0"
"3","4","F","9","J36","einem","ART","function",2,2,"long","33790",4.52880104433647,"no_accent","no_accent","not_last","no_focus_particle","214","221",NA,NA,"78","100","107","0"
"3","4","F","9","J36","neuen","ADJ","content",2,1,"long","4056",3.60820500770433,"prenuclear","rising","not_last","no_focus_particle","214","245",3.9,24,"80","276","144","21"
"3","4","F","9","J36","medikament","NN","content",4,4,"short","81",1.91381385238372,"nuclear_ip","falling","last","no_focus_particle","220","248",-3.8,-27.6,"78","284","77","29"
"3","4","F","9","J36","das","PRO","function",1,1,"short","326943",5.51447337170092,"no_accent","no_accent","not_last","no_focus_particle","230","240",NA,NA,"76","126","45","0"
"3","4","F","9","J36","sie","PRO","function",1,1,"long","366870",5.56451338349827,"no_accent","no_accent","not_last","no_focus_particle","235","245",NA,NA,"74","70","32","0"
"3","4","F","9","J36","vom","PP","function",1,1,"short","11806",4.07213956323974,"no_accent","no_accent","not_last","no_focus_particle","179","232",NA,NA,"77","223","46","0"
"3","4","F","9","J36","arzt","NN","content",1,1,"long","2915",3.46478751964594,"nuclear_ip","rising","not_last","no_focus_particle","173","229",3.7,53.2,"80","295","140","25"
"3","4","F","9","J36","für","PP","function",1,1,"long","106195",5.02610815882978,"no_accent","no_accent","not_last","no_focus_particle","253","273",NA,NA,"73","139","77","0"
"3","4","F","9","J36","ihr","PRO","function",1,1,"long","67939",4.83212554253401,"no_accent","no_accent","not_last","no_focus_particle","247","252",NA,NA,"75","74","74","0"
"3","4","F","9","J36","kind","NN","content",1,1,"short","7720",3.88767355245445,"nuclear_IP","falling","last","no_focus_particle","209","249",-4.6,-34.8,"78","247","48","21"
"3","4","F","9","J36","bekommen","VV","content",3,2,"short","7231",3.85925841746731,"no_accent","no_accent","not_last","no_focus_particle","185","218",NA,NA,"76","279","59","0"
"3","4","F","9","J36","haben","VA","content",2,1,"long","106711",5.02821325954394,"no_accent","no_accent","not_last","no_focus_particle","174","193",NA,NA,"75","187","102","0"
"3","9","F","10","J10","der","ART","function",1,1,"long","235950",5.37282182229588,"no_accent","no_accent","not_last","no_focus_particle","212","216",NA,NA,"78","79","54","0"
"3","9","F","10","J10","oberarzt","NN","content",3,3,"long","48",1.69019608002851,"nuclear_ip","rising","not_last","no_focus_particle","335","391",10.6,50.9,"77","126","114","75"
"3","9","F","10","J10","und","KON","function",1,1,"short","255151",5.40679897688365,"no_accent","no_accent","not_last","no_focus_particle","286","325",NA,NA,"65","92","0","0"
"3","9","F","10","J10","seine","PRO","function",2,2,"long","16602",4.22018656790328,"no_accent","no_accent","not_last","no_focus_particle","225","265",NA,NA,"78","115","70","0"
"3","9","F","10","J10","kollegen","NN","content",3,3,"long","655",2.81690383937566,"nuclear_ip","rising","not_last","no_focus_particle","271","370",8.3,67.8,"78","160","88","46"
"3","9","F","10","J10","möchten","VM","content",2,2,"short","1552",3.19117145572856,"no_accent","no_accent","not_last","no_focus_particle","224","246",NA,NA,"76","130","26","0"
"3","9","F","10","J10","doktor","NN","content",2,2,"short","2846",3.45438746714695,"no_accent","no_accent","not_last","no_focus_particle","198","207",NA,NA,"72","117","38","0"
"3","9","F","10","J10","bieber","NE","content",2,2,"long","6",0.845098040014257,"prenuclear","rising","not_last","no_focus_particle","246","274",3.5,25.1,"70","158","81","14"
"3","9","F","10","J10","gerne","ADV","content",2,2,"long","5239",3.71933128698373,"nuclear_IP","high","not_last","no_focus_particle","248","280",0.2,0.9,"83","211","125","93"
"3","9","F","10","J10","als","PTK","function",1,1,"short","59151",4.77196943322903,"no_accent","no_accent","not_last","no_focus_particle","201","215",NA,NA,"77","241","68","0"
"3","9","F","10","J10","neuen","ADJ","content",2,1,"long","4056",3.60820500770433,"no_accent","no_accent","not_last","no_focus_particle","200","215",NA,NA,"73","253","129","0"
"3","9","F","10","J10","arzt","NN","content",1,1,"long","2915",3.46478751964594,"postnuclear","no_accent","not_last","no_focus_particle","171","197",0.1,3.3,"78","281","140","0"
"3","9","F","10","J10","in","PP","function",1,1,"short","182149",5.26042917557793,"no_accent","no_accent","not_last","no_focus_particle","199","210",NA,NA,"65","66","19","0"
"3","9","F","10","J10","ihrem","PRO","function",2,2,"long","4027",3.60508946188158,"no_accent","no_accent","not_last","no_focus_particle","199","207",NA,NA,"71","127","117","0"
"3","9","F","10","J10","krankenhaus","NN","content",3,3,"short","2929",3.46686762035411,"postnuclear","no_accent","last","no_focus_particle","178","213",-0.2,-3.8,"72","192","49","7"
"3","9","F","10","J10","einstellen","VV","content",3,2,"long","449",2.65321251377534,"postnuclear","no_accent","not_last","no_focus_particle","196","202",0.4,5.5,"73","185","98","4"
"3","6","F","11","Y51","jetzt","ADV","content",1,1,"short","52473",4.71994417095868,"prenuclear","rising","not_last","no_focus_particle","279","305",3.1,58.9,"83","156","32","7"
"3","6","F","11","Y51","hat","VV","content",1,1,"short","114762",5.05980189254029,"no_accent","no_accent","not_last","no_focus_particle","309","341",NA,NA,"82","127","51","0"
"3","6","F","11","Y51","sogar","ADV","content",2,2,"long","5079",3.70586371228392,"no_accent","no_accent","not_last","no_focus_particle","264","294",NA,NA,"82","143","51","11"
"3","6","F","11","Y51","doktor","NN","content",2,2,"short","2846",3.45438746714695,"no_accent","no_accent","not_last","no_focus_particle","232","259",NA,NA,"81","150","47","4"
"3","6","F","11","Y51","buhber","NE","content",2,2,"long","0",0,"nuclear_IP","rising","not_last","focus_particle","300","430",13.6,78.8,"85","191","119","96"
"3","6","F","11","Y51","so","ADV","content",1,1,"long","110711",5.04419469631987,"no_accent","no_accent","not_last","no_focus_particle","186","191",NA,NA,"76","175","103","0"
"3","6","F","11","Y51","eins","PRO","function",1,1,"long","4665",3.66894473445773,"no_accent","no_accent","last","no_focus_particle","178","188",NA,NA,"73","468","199","0"
"3","8","F","12","K11","schon","ADV","content",1,1,"long","65985",4.81945180269794,"no_accent","no_accent","not_last","no_focus_particle","230","295",NA,NA,"78","191","44","11"
"3","8","F","12","K11","seit","ADV","content",1,1,"long","8574",3.93323412871481,"no_accent","no_accent","not_last","no_focus_particle","206","217",NA,NA,"81","174","76","0"
"3","8","F","12","K11","wochen","NN","content",2,2,"short","3189",3.50379068305718,"prenuclear","rising","not_last","no_focus_particle","278","304",7.3,42.9,"88","179","73","86"
"3","8","F","12","K11","freuen","VV","content",2,1,"long","870",2.94001815500766,"nuclear_IP","high","not_last","no_focus_particle","225","231",-0.2,-2.8,"84","275","91","7"
"3","8","F","12","K11","sie","PRO","function",1,1,"long","366870",5.56451338349827,"no_accent","no_accent","not_last","no_focus_particle","200","212",NA,NA,"76","117","67","4"
"3","8","F","12","K11","sich","PRO","function",1,1,"short","83233",4.92030076614785,"no_accent","no_accent","not_last","no_focus_particle","186","194",NA,NA,"72","188","33","4"
"3","8","F","12","K11","auf","PP","function",1,1,"long","131482",5.11886960466257,"no_accent","no_accent","not_last","no_focus_particle","187","188",NA,NA,"70","106","48","0"
"3","8","F","12","K11","dieses","ART","function",2,2,"long","12894",4.11042134647396,"no_accent","no_accent","not_last","no_focus_particle","184","213",NA,NA,"68","136","48","4"
"3","8","F","12","K11","thema","NN","content",2,2,"long","1064",3.02734960777476,"postnuclear","no_accent","last","no_focus_particle","178","237",-0.5,-8.5,"70","193","71","7"
"3","5","M","13","I9","tom","NE","content",1,1,"short","2567",3.40959501939682,"prenuclear","rising","not_last","no_focus_particle","127","162",6.9,85.9,"83","183","54","43"
"3","5","M","13","I9","und","KON","function",1,1,"short","255151",5.40679897688365,"no_accent","no_accent","not_last","no_focus_particle","168","183",NA,NA,"80","138","67","0"
"3","5","M","13","I9","isabel","NE","content",3,3,"short","330",2.51982799377572,"nuclear_ip","rising","not_last","no_focus_particle","123","161",6.4,53.4,"83","259","87","54"
"3","5","M","13","I9","möchten","VM","content",2,2,"short","1552",3.19117145572856,"no_accent","no_accent","not_last","no_focus_particle","139","163",NA,NA,"79","200","54","0"
"3","5","M","13","I9","an","PP","function",1,1,"short","98024",4.99133685097224,"no_accent","no_accent","not_last","no_focus_particle","107","123",NA,NA,"76","130","60","0"
"3","5","M","13","I9","dem","ART","function",1,1,"long","74981",4.87495702020636,"no_accent","no_accent","not_last","no_focus_particle","103","107",NA,NA,"75","97","33","0"
"3","5","M","13","I9","stand","NN","content",1,1,"short","410",2.61384182187607,"prenuclear","rising","not_last","no_focus_particle","121","142",4.2,41.3,"82","311","74","14"
"3","5","M","13","I9","des","ART","function",1,1,"short","28286",4.4515868904569,"no_accent","no_accent","not_last","no_focus_particle","144","154",NA,NA,"78","128","32","0"
"3","5","M","13","I9","frauenvereins","NN","content",4,3,"long","3",0.602059991327962,"nuclear_ip","low","not_last","no_focus_particle","133","158",0.6,5.6,"80","264","127","18"
"3","5","M","13","I9","ein","ART","function",1,1,"long","185794",5.26903402235069,"no_accent","no_accent","not_last","no_focus_particle","172","175",NA,NA,"84","179","70","0"
"3","5","M","13","I9","bild","NN","content",1,1,"short","2583",3.41229250932305,"nuclear_IP","falling","last","no_focus_particle","111","169",-8.1,-66.9,"80","229","45","64"
"3","5","M","13","I9","kaufen","VV","content",2,2,"long","2728",3.4360035356699,"no_accent","no_accent","not_last","no_focus_particle","95","116",NA,NA,"79","227","106","0"
"3","8","F","14","S19","freundlich","ADJ","content",2,2,"long","762",2.88252453795488,"nuclear_IP","high","not_last","no_focus_particle","251","298",2.5,24.3,"85","291","106","100"
"3","8","F","14","S19","sieht","VV","content",1,1,"long","10322",4.01380592734059,"no_accent","no_accent","not_last","no_focus_particle","203","225",NA,NA,"74","206","50","0"
"3","8","F","14","S19","die","ART","function",1,1,"long","326305",5.51362505951553,"no_accent","no_accent","not_last","no_focus_particle","197","223",NA,NA,"70","65","56","0"
"3","8","F","14","S19","janina","NE","content",3,3,"long","5",0.778151250383644,"no_accent","no_accent","last","no_focus_particle","188","192",NA,NA,"71","114","49","0"
"3","8","F","14","S19","aus","PTK","function",1,1,"long","67378",4.82852456114637,"no_accent","no_accent","not_last","no_focus_particle","91","100",NA,NA,"73","355","215","0"
"3","1","F","15","D30","es","PRO","function",1,1,"short","261560",5.41757298908854,"no_accent","no_accent","not_last","no_focus_particle","245","250",NA,NA,"75","119","26","0"
"3","1","F","15","D30","klingelt","VV","content",2,2,"short","629",2.79934054945358,"prenuclear","high","not_last","no_focus_particle","263","283",1,13.1,"78","170","38","25"
"3","1","F","15","D30","an","PP","function",1,1,"short","98024",4.99133685097224,"no_accent","no_accent","not_last","no_focus_particle","288","295",NA,NA,"77","97","44","0"
"3","1","F","15","D30","der","ART","function",1,1,"long","235950",5.37282182229588,"no_accent","no_accent","not_last","no_focus_particle","300","302",NA,NA,"78","73","68","0"
"3","1","F","15","D30","tür","NN","content",1,1,"long","6301",3.79947839883798,"nuclear_IP","falling","last","no_focus_particle","189","300",-11,-37.1,"75","414","195","82"
"3","6","F","16","G7","auch","ADV","content",1,1,"long","69295",4.84070816638577,"no_accent","no_accent","not_last","no_focus_particle","264","294",NA,NA,"81","127","76","18"
"3","6","F","16","G7","eine","ART","function",2,2,"long","118709",5.07448730498569,"no_accent","no_accent","not_last","no_focus_particle","267","307",NA,NA,"82","83","69","0"
"3","6","F","16","G7","bachblütenkur","NN","content",4,4,"short","0",0,"nuclear_IP","rising","not_last","focus_particle","256","386",9.7,69,"85","211","79","96"
"3","6","F","16","G7","kann","VM","content",1,1,"short","67376",4.82851166986192,"no_accent","no_accent","not_last","no_focus_particle","195","214",NA,NA,"78","235","54","0"
"3","6","F","16","G7","nur","ADV","content",1,1,"long","80748",4.90713715271,"no_accent","no_accent","not_last","no_focus_particle","183","187",NA,NA,"77","110","73","7"
"3","6","F","16","G7","doktor","NN","content",2,2,"short","2846",3.45438746714695,"no_accent","no_accent","not_last","no_focus_particle","193","193",NA,NA,"78","157","54","0"
"3","6","F","16","G7","bahber","NE","content",2,2,"long","0",0,"postnuclear","no_accent","last","focus_particle","172","184",-1,-8.2,"78","202","139","14"
"3","6","F","16","G7","machen","VV","content",2,2,"short","35975",4.55601287455989,"no_accent","no_accent","not_last","no_focus_particle","166","186",NA,NA,"71","208","60","0"
"3","10","F","17","T20","vorhin","ADV","content",2,2,"short","1090",3.03782475058834,"nuclear_ip","rising","not_last","no_focus_particle","258","299",2.7,14.3,"76","199","53","21"
"3","10","F","17","T20","war","VA","content",1,1,"long","106863",5.02883142612066,"no_accent","no_accent","not_last","no_focus_particle","266","286",NA,NA,"83","145","92","0"
"3","10","F","17","T20","er","PRO","function",1,1,"long","121771",5.08554743900755,"no_accent","no_accent","not_last","no_focus_particle","231","234",NA,NA,"80","111","111","0"
"3","10","F","17","T20","dafür","PRO","function",2,2,"long","9543",3.97973043066229,"no_accent","no_accent","not_last","no_focus_particle","228","241",NA,NA,"80","139","83","4"
"3","10","F","17","T20","extra","ADV","content",2,2,"short","747",2.87390159786446,"nuclear_ip","high","not_last","no_focus_particle","290","315",3.2,12.2,"78","243","98","89"
"3","10","F","17","T20","noch","ADV","content",1,1,"short","86716",4.93810424490946,"no_accent","no_accent","not_last","no_focus_particle","259","277",NA,NA,"80","197","91","18"
"3","10","F","17","T20","auf","PP","function",1,1,"long","131482",5.11886960466257,"no_accent","no_accent","not_last","no_focus_particle","228","243",NA,NA,"76","164","69","0"
"3","10","F","17","T20","dem","ART","function",1,1,"long","74981",4.87495702020636,"no_accent","no_accent","not_last","no_focus_particle","254","261",NA,NA,"78","173","42","0"
"3","10","F","17","T20","markt","NN","content",1,1,"long","434",2.63848925695464,"prenuclear","low","not_last","no_focus_particle","243","303",-0.4,-5.5,"80","259","126","14"
"3","10","F","17","T20","beim","PP","function",1,1,"long","7623",3.88218288763027,"no_accent","no_accent","not_last","no_focus_particle","267","303",NA,NA,"75","96","82","0"
"3","10","F","17","T20","obsthändler","NN","content",3,3,"long","0",0,"nuclear_IP","falling","last","no_focus_particle","103","126",-14.3,-138.9,"75","313","69","18"
"3","4","F","18","K37","die","ART","function",1,1,"long","326305",5.51362505951553,"no_accent","no_accent","not_last","no_focus_particle","205","216",NA,NA,"77","86","38","11"
"3","4","F","18","K37","mädchen","NN","content",2,2,"long","11885",4.07503572592219,"prenuclear","rising","not_last","no_focus_particle","225","305",6.7,27,"80","171","81","46"
"3","4","F","18","K37","werden","VA","content",2,2,"long","48978",4.6900099139264,"no_accent","no_accent","not_last","no_focus_particle","240","250",NA,NA,"84","155","96","0"
"3","4","F","18","K37","sich","PRO","function",1,1,"short","83233",4.92030076614785,"no_accent","no_accent","not_last","no_focus_particle","234","243",NA,NA,"73","138","33","0"
"3","4","F","18","K37","mit","PP","function",1,1,"short","152783",5.18407787599659,"no_accent","no_accent","not_last","no_focus_particle","214","236",NA,NA,"77","132","24","0"
"3","4","F","18","K37","ihrer","PRO","function",2,2,"long","4232",3.62664826847401,"no_accent","no_accent","not_last","no_focus_particle","183","191",NA,NA,"73","89","83","0"
"3","4","F","18","K37","neuen","ADJ","content",2,1,"long","4056",3.60820500770433,"prenuclear","rising","not_last","no_focus_particle","204","255",6.7,42.2,"78","300","110","50"
"3","4","F","18","K37","klassenkameradin","NN","content",6,6,"short","11",1.07918124604762,"nuclear_ip","high","last","no_focus_particle","225","248",0.4,8.3,"78","186","73","11"
"3","4","F","18","K37","sicher","ADV","content",2,2,"short","18773",4.27355681352984,"prenuclear","rising","not_last","no_focus_particle","210","281",5.6,45,"75","152","58","36"
"3","4","F","18","K37","gut","ADJ","content",1,1,"long","54294",4.73475983746378,"prenuclear","falling","not_last","no_focus_particle","178","201",-4.2,-25,"70","202","47","18"
"3","4","F","18","K37","verstehen","VV","content",3,2,"long","4798",3.68115074993242,"nuclear_IP","falling","not_last","no_focus_particle","191","220",-6.9,-95.8,"75","348","98","21"
"3","12","M","19","K11","schon","ADV","content",1,1,"long","65985",4.81945180269794,"no_accent","no_accent","not_last","no_focus_particle","146","149",NA,NA,"74","160","67","0"
"3","12","M","19","K11","seit","ADV","content",1,1,"long","8574",3.93323412871481,"no_accent","no_accent","not_last","no_focus_particle","160","171",NA,NA,"84","185","67","4"
"3","12","M","19","K11","wochen","NN","content",2,2,"short","3189",3.50379068305718,"prenuclear","rising","not_last","no_focus_particle","261","284",7.6,38.6,"86","192","58","68"
"3","12","M","19","K11","freuen","VV","content",2,1,"long","870",2.94001815500766,"nuclear_IP","rising","not_last","no_focus_particle","274","304",3.4,38.5,"82","375","112","86"
"3","12","M","19","K11","sie","PRO","function",1,1,"long","366870",5.56451338349827,"no_accent","no_accent","not_last","no_focus_particle","177","227",NA,NA,"76","108","45","0"
"3","12","M","19","K11","sich","PRO","function",1,1,"short","83233",4.92030076614785,"no_accent","no_accent","not_last","no_focus_particle","133","149",NA,NA,"74","161","29","0"
"3","12","M","19","K11","auf","PP","function",1,1,"long","131482",5.11886960466257,"no_accent","no_accent","not_last","no_focus_particle","112","123",NA,NA,"77","122","48","0"
"3","12","M","19","K11","dieses","ART","function",2,2,"long","12894",4.11042134647396,"no_accent","no_accent","not_last","no_focus_particle","104","112",NA,NA,"71","108","51","0"
"3","12","M","19","K11","thema","NN","content",2,2,"long","1064",3.02734960777476,"no_accent","no_accent","last","no_focus_particle","101","106",NA,NA,"71","192","74","11"
"3","2","F","20","N40","eine","ART","function",2,2,"long","118709",5.07448730498569,"no_accent","no_accent","not_last","no_focus_particle","173","180",NA,NA,"77","75","52","0"
"3","2","F","20","N40","akupunktur","NN","content",4,4,"long","12",1.11394335230684,"nuclear_ip","rising","not_last","no_focus_particle","215","260",7.8,60,"78","209","112","21"
"3","2","F","20","N40","kann","VM","content",1,1,"short","67376",4.82851166986192,"no_accent","no_accent","not_last","no_focus_particle","178","255",NA,NA,"73","188","26","4"
"3","2","F","20","N40","nur","ADV","content",1,1,"long","80748",4.90713715271,"prenuclear","rising","not_last","no_focus_particle","229","252",7,52.1,"79","199","112","89"
"3","2","F","20","N40","doktor","NN","content",2,2,"short","2846",3.45438746714695,"prenuclear","rising","not_last","no_focus_particle","231","289",5.4,38.3,"78","182","61","4"
"3","2","F","20","N40","bahber","NE","content",2,2,"long","0",0,"nuclear_IP","falling","last","focus_particle","172","256",-3.2,-52.5,"77","176","125","25"
"3","2","F","20","N40","machen","VV","content",2,2,"short","35975",4.55601287455989,"no_accent","no_accent","not_last","no_focus_particle","140","190",NA,NA,"72","218","80","0"
